run,seed,epoch,metric,value
swscape_native_pretrain_s0,0,1,iou_free,0.787021
swscape_native_pretrain_s0,0,2,iou_free,0.82515
swscape_native_pretrain_s0,0,3,iou_free,0.83489
swscape_native_pretrain_s0,0,4,iou_free,0.825557
swscape_native_pretrain_s0,0,5,iou_free,0.827557
swscape_native_pretrain_s0,0,6,iou_free,0.847704
swscape_native_pretrain_s0,0,7,iou_free,0.847994
swscape_native_pretrain_s0,0,8,iou_free,0.852277
swscape_native_pretrain_s0,0,9,iou_free,0.863733
swscape_native_pretrain_s0,0,10,iou_free,0.860992
swscape_native_pretrain_s0,0,11,iou_free,0.870256
swscape_native_pretrain_s0,0,12,iou_free,0.869814
swscape_native_pretrain_s0,0,13,iou_free,0.869215
swscape_native_pretrain_s0,0,14,iou_free,0.867792
swscape_native_pretrain_s0,0,15,iou_free,0.870709
swscape_native_pretrain_s0,0,16,iou_free,0.870553
swscape_native_pretrain_s0,0,17,iou_free,0.869325
swscape_native_pretrain_s0,0,18,iou_free,0.869158
swscape_native_pretrain_s0,0,19,iou_free,0.871906
swscape_native_pretrain_s0,0,20,iou_free,0.870973
swscape_native_pretrain_s0,0,21,iou_free,0.871465
swscape_native_pretrain_s0,0,22,iou_free,0.871779
swscape_native_pretrain_s0,0,23,iou_free,0.870912
swscape_native_pretrain_s0,0,24,iou_free,0.871589
swscape_native_pretrain_s0,0,25,iou_free,0.870888
swscape_native_pretrain_s0,0,26,iou_free,0.870543
swscape_native_pretrain_s0,0,27,iou_free,0.867726
swscape_native_pretrain_s0,0,28,iou_free,0.870654
swscape_native_pretrain_s0,0,29,iou_free,0.869563
swscape_native_pretrain_s0,0,30,iou_free,0.872785
swscape_native_pretrain_s0,0,31,iou_free,0.872409
swscape_native_pretrain_s0,0,32,iou_free,0.87156
swscape_native_pretrain_s0,0,33,iou_free,0.869042
swscape_native_pretrain_s0,0,34,iou_free,0.870521
swscape_native_pretrain_s0,0,35,iou_free,0.871705
swscape_native_pretrain_s0,0,36,iou_free,0.870284
swscape_native_pretrain_s0,0,37,iou_free,0.871261
swscape_native_pretrain_s0,0,38,iou_free,0.871662
swscape_native_pretrain_s0,0,39,iou_free,0.869622
swscape_native_pretrain_s0,0,40,iou_free,0.871881
swscape_native_pretrain_s0,0,41,iou_free,0.8713
swscape_native_pretrain_s0,0,42,iou_free,0.869428
swscape_native_pretrain_s0,0,43,iou_free,0.87206
swscape_native_pretrain_s0,0,44,iou_free,0.870108
swscape_native_pretrain_s0,0,45,iou_free,0.87122
swscape_native_pretrain_s0,0,46,iou_free,0.870554
swscape_native_pretrain_s0,0,47,iou_free,0.871991
swscape_native_pretrain_s0,0,48,iou_free,0.870421
swscape_native_pretrain_s0,0,49,iou_free,0.872849
swscape_native_pretrain_s0,0,50,iou_free,0.87092
swscape_native_pretrain_s0,0,51,iou_free,0.869969
swscape_native_pretrain_s0,0,52,iou_free,0.871088
swscape_native_pretrain_s0,0,53,iou_free,0.871226
swscape_native_pretrain_s0,0,54,iou_free,0.87093
swscape_native_pretrain_s0,0,55,iou_free,0.869954
swscape_native_pretrain_s0,0,56,iou_free,0.870425
swscape_native_pretrain_s0,0,57,iou_free,0.869849
swscape_native_pretrain_s0,0,58,iou_free,0.870813
swscape_native_pretrain_s0,0,59,iou_free,0.87009
swscape_native_pretrain_s0,0,60,iou_free,0.869421
swscape_native_pretrain_s0,0,61,iou_free,0.870878
swscape_native_pretrain_s0,0,62,iou_free,0.87089
swscape_native_pretrain_s0,0,63,iou_free,0.871127
swscape_native_pretrain_s0,0,64,iou_free,0.870691
swscape_native_pretrain_s0,0,65,iou_free,0.871237
swscape_native_pretrain_s0,0,66,iou_free,0.870224
swscape_native_pretrain_s0,0,67,iou_free,0.870686
swscape_native_pretrain_s0,0,68,iou_free,0.871564
swscape_native_pretrain_s0,0,69,iou_free,0.870859
swscape_native_pretrain_s0,0,70,iou_free,0.870928
swscape_native_pretrain_s0,0,71,iou_free,0.87119
swscape_native_pretrain_s0,0,72,iou_free,0.87034
swscape_native_pretrain_s0,0,73,iou_free,0.870978
swscape_native_pretrain_s0,0,74,iou_free,0.870069
swscape_native_pretrain_s0,0,75,iou_free,0.870502
swscape_native_pretrain_s0,0,76,iou_free,0.870102
swscape_native_pretrain_s0,0,77,iou_free,0.870279
swscape_native_pretrain_s0,0,78,iou_free,0.870436
swscape_native_pretrain_s0,0,79,iou_free,0.870513
swscape_native_pretrain_s0,0,80,iou_free,0.870445
swscape_native_pretrain_s0,0,81,iou_free,0.870509
swscape_native_pretrain_s0,0,82,iou_free,0.870449
swscape_native_pretrain_s0,0,83,iou_free,0.870579
swscape_native_pretrain_s0,0,84,iou_free,0.870181
swscape_native_pretrain_s0,0,85,iou_free,0.870266
swscape_native_pretrain_s0,0,86,iou_free,0.870276
swscape_native_pretrain_s0,0,87,iou_free,0.870335
swscape_native_pretrain_s0,0,88,iou_free,0.870511
swscape_native_pretrain_s0,0,89,iou_free,0.870352
swscape_native_pretrain_s0,0,90,iou_free,0.870213
swscape_native_pretrain_s0,0,91,iou_free,0.870257
swscape_native_pretrain_s0,0,92,iou_free,0.869906
swscape_native_pretrain_s0,0,93,iou_free,0.87025
swscape_native_pretrain_s0,0,94,iou_free,0.870042
swscape_native_pretrain_s0,0,95,iou_free,0.869796
swscape_native_pretrain_s0,0,96,iou_free,0.869882
swscape_native_pretrain_s0,0,97,iou_free,0.869715
swscape_native_pretrain_s0,0,98,iou_free,0.869981
swscape_native_pretrain_s0,0,99,iou_free,0.869791
swscape_native_pretrain_s0,0,100,iou_free,0.869934
swscape_native_pretrain_s0,0,1,iou_non_free,0.784162
swscape_native_pretrain_s0,0,2,iou_non_free,0.821212
swscape_native_pretrain_s0,0,3,iou_non_free,0.833605
swscape_native_pretrain_s0,0,4,iou_non_free,0.830662
swscape_native_pretrain_s0,0,5,iou_non_free,0.832671
swscape_native_pretrain_s0,0,6,iou_non_free,0.849867
swscape_native_pretrain_s0,0,7,iou_non_free,0.852744
swscape_native_pretrain_s0,0,8,iou_non_free,0.850209
swscape_native_pretrain_s0,0,9,iou_non_free,0.868267
swscape_native_pretrain_s0,0,10,iou_non_free,0.866002
swscape_native_pretrain_s0,0,11,iou_non_free,0.8738
swscape_native_pretrain_s0,0,12,iou_non_free,0.876031
swscape_native_pretrain_s0,0,13,iou_non_free,0.874214
swscape_native_pretrain_s0,0,14,iou_non_free,0.872507
swscape_native_pretrain_s0,0,15,iou_non_free,0.875661
swscape_native_pretrain_s0,0,16,iou_non_free,0.873952
swscape_native_pretrain_s0,0,17,iou_non_free,0.875039
swscape_native_pretrain_s0,0,18,iou_non_free,0.87441
swscape_native_pretrain_s0,0,19,iou_non_free,0.876314
swscape_native_pretrain_s0,0,20,iou_non_free,0.875245
swscape_native_pretrain_s0,0,21,iou_non_free,0.875698
swscape_native_pretrain_s0,0,22,iou_non_free,0.876747
swscape_native_pretrain_s0,0,23,iou_non_free,0.875425
swscape_native_pretrain_s0,0,24,iou_non_free,0.876145
swscape_native_pretrain_s0,0,25,iou_non_free,0.87578
swscape_native_pretrain_s0,0,26,iou_non_free,0.873771
swscape_native_pretrain_s0,0,27,iou_non_free,0.872734
swscape_native_pretrain_s0,0,28,iou_non_free,0.874889
swscape_native_pretrain_s0,0,29,iou_non_free,0.875212
swscape_native_pretrain_s0,0,30,iou_non_free,0.877454
swscape_native_pretrain_s0,0,31,iou_non_free,0.877427
swscape_native_pretrain_s0,0,32,iou_non_free,0.876294
swscape_native_pretrain_s0,0,33,iou_non_free,0.873886
swscape_native_pretrain_s0,0,34,iou_non_free,0.875484
swscape_native_pretrain_s0,0,35,iou_non_free,0.87678
swscape_native_pretrain_s0,0,36,iou_non_free,0.874822
swscape_native_pretrain_s0,0,37,iou_non_free,0.876683
swscape_native_pretrain_s0,0,38,iou_non_free,0.876598
swscape_native_pretrain_s0,0,39,iou_non_free,0.874232
swscape_native_pretrain_s0,0,40,iou_non_free,0.876472
swscape_native_pretrain_s0,0,41,iou_non_free,0.875486
swscape_native_pretrain_s0,0,42,iou_non_free,0.874921
swscape_native_pretrain_s0,0,43,iou_non_free,0.877233
swscape_native_pretrain_s0,0,44,iou_non_free,0.875764
swscape_native_pretrain_s0,0,45,iou_non_free,0.876283
swscape_native_pretrain_s0,0,46,iou_non_free,0.875466
swscape_native_pretrain_s0,0,47,iou_non_free,0.876144
swscape_native_pretrain_s0,0,48,iou_non_free,0.875237
swscape_native_pretrain_s0,0,49,iou_non_free,0.877449
swscape_native_pretrain_s0,0,50,iou_non_free,0.87561
swscape_native_pretrain_s0,0,51,iou_non_free,0.874773
swscape_native_pretrain_s0,0,52,iou_non_free,0.876686
swscape_native_pretrain_s0,0,53,iou_non_free,0.876535
swscape_native_pretrain_s0,0,54,iou_non_free,0.87597
swscape_native_pretrain_s0,0,55,iou_non_free,0.874772
swscape_native_pretrain_s0,0,56,iou_non_free,0.875159
swscape_native_pretrain_s0,0,57,iou_non_free,0.874598
swscape_native_pretrain_s0,0,58,iou_non_free,0.876064
swscape_native_pretrain_s0,0,59,iou_non_free,0.87484
swscape_native_pretrain_s0,0,60,iou_non_free,0.874015
swscape_native_pretrain_s0,0,61,iou_non_free,0.875667
swscape_native_pretrain_s0,0,62,iou_non_free,0.875868
swscape_native_pretrain_s0,0,63,iou_non_free,0.876245
swscape_native_pretrain_s0,0,64,iou_non_free,0.874781
swscape_native_pretrain_s0,0,65,iou_non_free,0.876179
swscape_native_pretrain_s0,0,66,iou_non_free,0.874831
swscape_native_pretrain_s0,0,67,iou_non_free,0.87538
swscape_native_pretrain_s0,0,68,iou_non_free,0.876532
swscape_native_pretrain_s0,0,69,iou_non_free,0.875989
swscape_native_pretrain_s0,0,70,iou_non_free,0.875284
swscape_native_pretrain_s0,0,71,iou_non_free,0.87561
swscape_native_pretrain_s0,0,72,iou_non_free,0.875181
swscape_native_pretrain_s0,0,73,iou_non_free,0.875988
swscape_native_pretrain_s0,0,74,iou_non_free,0.874765
swscape_native_pretrain_s0,0,75,iou_non_free,0.875508
swscape_native_pretrain_s0,0,76,iou_non_free,0.875519
swscape_native_pretrain_s0,0,77,iou_non_free,0.874876
swscape_native_pretrain_s0,0,78,iou_non_free,0.875084
swscape_native_pretrain_s0,0,79,iou_non_free,0.875256
swscape_native_pretrain_s0,0,80,iou_non_free,0.875024
swscape_native_pretrain_s0,0,81,iou_non_free,0.875302
swscape_native_pretrain_s0,0,82,iou_non_free,0.874893
swscape_native_pretrain_s0,0,83,iou_non_free,0.875032
swscape_native_pretrain_s0,0,84,iou_non_free,0.87491
swscape_native_pretrain_s0,0,85,iou_non_free,0.874879
swscape_native_pretrain_s0,0,86,iou_non_free,0.875082
swscape_native_pretrain_s0,0,87,iou_non_free,0.875004
swscape_native_pretrain_s0,0,88,iou_non_free,0.875047
swscape_native_pretrain_s0,0,89,iou_non_free,0.875093
swscape_native_pretrain_s0,0,90,iou_non_free,0.874675
swscape_native_pretrain_s0,0,91,iou_non_free,0.874841
swscape_native_pretrain_s0,0,92,iou_non_free,0.874565
swscape_native_pretrain_s0,0,93,iou_non_free,0.874946
swscape_native_pretrain_s0,0,94,iou_non_free,0.874667
swscape_native_pretrain_s0,0,95,iou_non_free,0.874397
swscape_native_pretrain_s0,0,96,iou_non_free,0.87454
swscape_native_pretrain_s0,0,97,iou_non_free,0.874373
swscape_native_pretrain_s0,0,98,iou_non_free,0.874675
swscape_native_pretrain_s0,0,99,iou_non_free,0.874398
swscape_native_pretrain_s0,0,100,iou_non_free,0.874578
swscape_native_pretrain_s0,0,1,precision,0.866834
swscape_native_pretrain_s0,0,2,precision,0.87602
swscape_native_pretrain_s0,0,3,precision,0.886782
swscape_native_pretrain_s0,0,4,precision,0.90244
swscape_native_pretrain_s0,0,5,precision,0.907485
swscape_native_pretrain_s0,0,6,precision,0.896296
swscape_native_pretrain_s0,0,7,precision,0.909733
swscape_native_pretrain_s0,0,8,precision,0.880922
swscape_native_pretrain_s0,0,9,precision,0.905408
swscape_native_pretrain_s0,0,10,precision,0.912414
swscape_native_pretrain_s0,0,11,precision,0.905531
swscape_native_pretrain_s0,0,12,precision,0.917794
swscape_native_pretrain_s0,0,13,precision,0.910566
swscape_native_pretrain_s0,0,14,precision,0.912438
swscape_native_pretrain_s0,0,15,precision,0.909979
swscape_native_pretrain_s0,0,16,precision,0.902304
swscape_native_pretrain_s0,0,17,precision,0.909087
swscape_native_pretrain_s0,0,18,precision,0.907317
swscape_native_pretrain_s0,0,19,precision,0.90488
swscape_native_pretrain_s0,0,20,precision,0.903525
swscape_native_pretrain_s0,0,21,precision,0.904252
swscape_native_pretrain_s0,0,22,precision,0.906294
swscape_native_pretrain_s0,0,23,precision,0.901763
swscape_native_pretrain_s0,0,24,precision,0.904239
swscape_native_pretrain_s0,0,25,precision,0.905877
swscape_native_pretrain_s0,0,26,precision,0.90032
swscape_native_pretrain_s0,0,27,precision,0.907794
swscape_native_pretrain_s0,0,28,precision,0.902503
swscape_native_pretrain_s0,0,29,precision,0.908613
swscape_native_pretrain_s0,0,30,precision,0.905504
swscape_native_pretrain_s0,0,31,precision,0.90647
swscape_native_pretrain_s0,0,32,precision,0.90313
swscape_native_pretrain_s0,0,33,precision,0.906367
swscape_native_pretrain_s0,0,34,precision,0.905671
swscape_native_pretrain_s0,0,35,precision,0.905783
swscape_native_pretrain_s0,0,36,precision,0.902597
swscape_native_pretrain_s0,0,37,precision,0.906794
swscape_native_pretrain_s0,0,38,precision,0.904519
swscape_native_pretrain_s0,0,39,precision,0.903337
swscape_native_pretrain_s0,0,40,precision,0.9022
swscape_native_pretrain_s0,0,41,precision,0.903298
swscape_native_pretrain_s0,0,42,precision,0.906485
swscape_native_pretrain_s0,0,43,precision,0.904948
swscape_native_pretrain_s0,0,44,precision,0.911001
swscape_native_pretrain_s0,0,45,precision,0.904985
swscape_native_pretrain_s0,0,46,precision,0.906913
swscape_native_pretrain_s0,0,47,precision,0.902929
swscape_native_pretrain_s0,0,48,precision,0.904773
swscape_native_pretrain_s0,0,49,precision,0.9034
swscape_native_pretrain_s0,0,50,precision,0.902866
swscape_native_pretrain_s0,0,51,precision,0.905671
swscape_native_pretrain_s0,0,52,precision,0.906413
swscape_native_pretrain_s0,0,53,precision,0.905565
swscape_native_pretrain_s0,0,54,precision,0.905664
swscape_native_pretrain_s0,0,55,precision,0.9037
swscape_native_pretrain_s0,0,56,precision,0.904357
swscape_native_pretrain_s0,0,57,precision,0.904603
swscape_native_pretrain_s0,0,58,precision,0.906863
swscape_native_pretrain_s0,0,59,precision,0.90328
swscape_native_pretrain_s0,0,60,precision,0.904321
swscape_native_pretrain_s0,0,61,precision,0.90492
swscape_native_pretrain_s0,0,62,precision,0.903789
swscape_native_pretrain_s0,0,63,precision,0.905645
swscape_native_pretrain_s0,0,64,precision,0.901581
swscape_native_pretrain_s0,0,65,precision,0.904601
swscape_native_pretrain_s0,0,66,precision,0.90387
swscape_native_pretrain_s0,0,67,precision,0.903456
swscape_native_pretrain_s0,0,68,precision,0.905079
swscape_native_pretrain_s0,0,69,precision,0.907066
swscape_native_pretrain_s0,0,70,precision,0.901465
swscape_native_pretrain_s0,0,71,precision,0.903131
swscape_native_pretrain_s0,0,72,precision,0.904152
swscape_native_pretrain_s0,0,73,precision,0.905795
swscape_native_pretrain_s0,0,74,precision,0.903236
swscape_native_pretrain_s0,0,75,precision,0.905617
swscape_native_pretrain_s0,0,76,precision,0.906777
swscape_native_pretrain_s0,0,77,precision,0.902924
swscape_native_pretrain_s0,0,78,precision,0.903388
swscape_native_pretrain_s0,0,79,precision,0.90367
swscape_native_pretrain_s0,0,80,precision,0.902721
swscape_native_pretrain_s0,0,81,precision,0.905212
swscape_native_pretrain_s0,0,82,precision,0.90332
swscape_native_pretrain_s0,0,83,precision,0.903311
swscape_native_pretrain_s0,0,84,precision,0.9045
swscape_native_pretrain_s0,0,85,precision,0.903536
swscape_native_pretrain_s0,0,86,precision,0.904353
swscape_native_pretrain_s0,0,87,precision,0.903791
swscape_native_pretrain_s0,0,88,precision,0.903644
swscape_native_pretrain_s0,0,89,precision,0.903965
swscape_native_pretrain_s0,0,90,precision,0.903072
swscape_native_pretrain_s0,0,91,precision,0.903324
swscape_native_pretrain_s0,0,92,precision,0.903898
swscape_native_pretrain_s0,0,93,precision,0.904127
swscape_native_pretrain_s0,0,94,precision,0.903812
swscape_native_pretrain_s0,0,95,precision,0.903811
swscape_native_pretrain_s0,0,96,precision,0.903871
swscape_native_pretrain_s0,0,97,precision,0.903735
swscape_native_pretrain_s0,0,98,precision,0.903996
swscape_native_pretrain_s0,0,99,precision,0.90404
swscape_native_pretrain_s0,0,100,precision,0.903683
swscape_native_pretrain_s0,0,1,recall,0.901457
swscape_native_pretrain_s0,0,2,recall,0.937888
swscape_native_pretrain_s0,0,3,recall,0.937535
swscape_native_pretrain_s0,0,4,recall,0.909567
swscape_native_pretrain_s0,0,5,recall,0.906518
swscape_native_pretrain_s0,0,6,recall,0.94116
swscape_native_pretrain_s0,0,7,recall,0.927058
swscape_native_pretrain_s0,0,8,recall,0.962532
swscape_native_pretrain_s0,0,9,recall,0.949458
swscape_native_pretrain_s0,0,10,recall,0.939448
swscape_native_pretrain_s0,0,11,recall,0.956511
swscape_native_pretrain_s0,0,12,recall,0.943339
swscape_native_pretrain_s0,0,13,recall,0.950331
swscape_native_pretrain_s0,0,14,recall,0.946833
swscape_native_pretrain_s0,0,15,recall,0.95256
swscape_native_pretrain_s0,0,16,recall,0.960537
swscape_native_pretrain_s0,0,17,recall,0.952094
swscape_native_pretrain_s0,0,18,recall,0.95387
swscape_native_pretrain_s0,0,19,recall,0.959797
swscape_native_pretrain_s0,0,20,recall,0.959802
swscape_native_pretrain_s0,0,21,recall,0.959933
swscape_native_pretrain_s0,0,22,recall,0.957784
swscape_native_pretrain_s0,0,23,recall,0.961746
swscape_native_pretrain_s0,0,24,recall,0.960258
swscape_native_pretrain_s0,0,25,recall,0.957152
swscape_native_pretrain_s0,0,26,recall,0.963072
swscape_native_pretrain_s0,0,27,recall,0.95215
swscape_native_pretrain_s0,0,28,recall,0.96069
swscape_native_pretrain_s0,0,29,recall,0.953084
swscape_native_pretrain_s0,0,30,recall,0.960095
swscape_native_pretrain_s0,0,31,recall,0.958483
swscape_native_pretrain_s0,0,32,recall,0.961286
swscape_native_pretrain_s0,0,33,recall,0.954959
swscape_native_pretrain_s0,0,34,recall,0.957384
swscape_native_pretrain_s0,0,35,recall,0.958311
swscape_native_pretrain_s0,0,36,recall,0.960522
swscape_native_pretrain_s0,0,37,recall,0.956875
swscape_native_pretrain_s0,0,38,recall,0.960131
swscape_native_pretrain_s0,0,39,recall,0.958752
swscape_native_pretrain_s0,0,40,recall,0.96264
swscape_native_pretrain_s0,0,41,recall,0.961084
swscape_native_pretrain_s0,0,42,recall,0.955151
swscape_native_pretrain_s0,0,43,recall,0.959786
swscape_native_pretrain_s0,0,44,recall,0.951256
swscape_native_pretrain_s0,0,45,recall,0.958979
swscape_native_pretrain_s0,0,46,recall,0.956207
swscape_native_pretrain_s0,0,47,recall,0.962277
swscape_native_pretrain_s0,0,48,recall,0.958174
swscape_native_pretrain_s0,0,49,recall,0.962519
swscape_native_pretrain_s0,0,50,recall,0.9607
swscape_native_pretrain_s0,0,51,recall,0.956932
swscape_native_pretrain_s0,0,52,recall,0.956801
swscape_native_pretrain_s0,0,53,recall,0.958068
swscape_native_pretrain_s0,0,54,recall,0.957823
swscape_native_pretrain_s0,0,55,recall,0.958931
swscape_native_pretrain_s0,0,56,recall,0.958698
swscape_native_pretrain_s0,0,57,recall,0.957863
swscape_native_pretrain_s0,0,58,recall,0.95667
swscape_native_pretrain_s0,0,59,recall,0.959525
swscape_native_pretrain_s0,0,60,recall,0.95757
swscape_native_pretrain_s0,0,61,recall,0.958886
swscape_native_pretrain_s0,0,62,recall,0.959837
swscape_native_pretrain_s0,0,63,recall,0.958324
swscape_native_pretrain_s0,0,64,recall,0.962183
swscape_native_pretrain_s0,0,65,recall,0.959534
swscape_native_pretrain_s0,0,66,recall,0.958971
swscape_native_pretrain_s0,0,67,recall,0.960044
swscape_native_pretrain_s0,0,68,recall,0.959443
swscape_native_pretrain_s0,0,69,recall,0.956325
swscape_native_pretrain_s0,0,70,recall,0.962598
swscape_native_pretrain_s0,0,71,recall,0.961142
swscape_native_pretrain_s0,0,72,recall,0.958872
swscape_native_pretrain_s0,0,73,recall,0.957889
swscape_native_pretrain_s0,0,74,recall,0.959588
swscape_native_pretrain_s0,0,75,recall,0.957588
swscape_native_pretrain_s0,0,76,recall,0.955552
swscape_native_pretrain_s0,0,77,recall,0.96029
swscape_native_pretrain_s0,0,78,recall,0.959896
swscape_native_pretrain_s0,0,79,recall,0.959574
swscape_native_pretrain_s0,0,80,recall,0.960523
swscape_native_pretrain_s0,0,81,recall,0.958005
swscape_native_pretrain_s0,0,82,recall,0.960052
swscape_native_pretrain_s0,0,83,recall,0.960219
swscape_native_pretrain_s0,0,84,recall,0.958431
swscape_native_pretrain_s0,0,85,recall,0.95961
swscape_native_pretrain_s0,0,86,recall,0.958683
swscape_native_pretrain_s0,0,87,recall,0.9594
swscape_native_pretrain_s0,0,88,recall,0.95977
swscape_native_pretrain_s0,0,89,recall,0.959245
swscape_native_pretrain_s0,0,90,recall,0.96005
swscape_native_pretrain_s0,0,91,recall,0.959793
swscape_native_pretrain_s0,0,92,recall,0.958752
swscape_native_pretrain_s0,0,93,recall,0.958936
swscape_native_pretrain_s0,0,94,recall,0.95903
swscape_native_pretrain_s0,0,95,recall,0.958757
swscape_native_pretrain_s0,0,96,recall,0.958763
swscape_native_pretrain_s0,0,97,recall,0.958715
swscape_native_pretrain_s0,0,98,recall,0.958737
swscape_native_pretrain_s0,0,99,recall,0.958487
swscape_native_pretrain_s0,0,100,recall,0.959022
swscape_native_pretrain_s0,0,1,bf_10cm,0.019899
swscape_native_pretrain_s0,0,2,bf_10cm,0.022656
swscape_native_pretrain_s0,0,3,bf_10cm,0.024503
swscape_native_pretrain_s0,0,4,bf_10cm,0.020888
swscape_native_pretrain_s0,0,5,bf_10cm,0.02455
swscape_native_pretrain_s0,0,6,bf_10cm,0.018625
swscape_native_pretrain_s0,0,7,bf_10cm,0.021276
swscape_native_pretrain_s0,0,8,bf_10cm,0.031793
swscape_native_pretrain_s0,0,9,bf_10cm,0.027137
swscape_native_pretrain_s0,0,10,bf_10cm,0.025755
swscape_native_pretrain_s0,0,11,bf_10cm,0.026819
swscape_native_pretrain_s0,0,12,bf_10cm,0.022354
swscape_native_pretrain_s0,0,13,bf_10cm,0.02356
swscape_native_pretrain_s0,0,14,bf_10cm,0.02513
swscape_native_pretrain_s0,0,15,bf_10cm,0.027356
swscape_native_pretrain_s0,0,16,bf_10cm,0.027044
swscape_native_pretrain_s0,0,17,bf_10cm,0.024517
swscape_native_pretrain_s0,0,18,bf_10cm,0.023389
swscape_native_pretrain_s0,0,19,bf_10cm,0.027664
swscape_native_pretrain_s0,0,20,bf_10cm,0.028656
swscape_native_pretrain_s0,0,21,bf_10cm,0.029619
swscape_native_pretrain_s0,0,22,bf_10cm,0.025685
swscape_native_pretrain_s0,0,23,bf_10cm,0.028403
swscape_native_pretrain_s0,0,24,bf_10cm,0.028375
swscape_native_pretrain_s0,0,25,bf_10cm,0.027089
swscape_native_pretrain_s0,0,26,bf_10cm,0.029187
swscape_native_pretrain_s0,0,27,bf_10cm,0.025228
swscape_native_pretrain_s0,0,28,bf_10cm,0.02825
swscape_native_pretrain_s0,0,29,bf_10cm,0.025617
swscape_native_pretrain_s0,0,30,bf_10cm,0.028889
swscape_native_pretrain_s0,0,31,bf_10cm,0.027197
swscape_native_pretrain_s0,0,32,bf_10cm,0.028032
swscape_native_pretrain_s0,0,33,bf_10cm,0.025978
swscape_native_pretrain_s0,0,34,bf_10cm,0.026916
swscape_native_pretrain_s0,0,35,bf_10cm,0.028117
swscape_native_pretrain_s0,0,36,bf_10cm,0.026967
swscape_native_pretrain_s0,0,37,bf_10cm,0.025223
swscape_native_pretrain_s0,0,38,bf_10cm,0.026694
swscape_native_pretrain_s0,0,39,bf_10cm,0.026031
swscape_native_pretrain_s0,0,40,bf_10cm,0.028207
swscape_native_pretrain_s0,0,41,bf_10cm,0.028323
swscape_native_pretrain_s0,0,42,bf_10cm,0.023764
swscape_native_pretrain_s0,0,43,bf_10cm,0.025337
swscape_native_pretrain_s0,0,44,bf_10cm,0.021695
swscape_native_pretrain_s0,0,45,bf_10cm,0.026852
swscape_native_pretrain_s0,0,46,bf_10cm,0.025024
swscape_native_pretrain_s0,0,47,bf_10cm,0.028792
swscape_native_pretrain_s0,0,48,bf_10cm,0.026474
swscape_native_pretrain_s0,0,49,bf_10cm,0.027673
swscape_native_pretrain_s0,0,50,bf_10cm,0.027871
swscape_native_pretrain_s0,0,51,bf_10cm,0.024913
swscape_native_pretrain_s0,0,52,bf_10cm,0.026964
swscape_native_pretrain_s0,0,53,bf_10cm,0.027126
swscape_native_pretrain_s0,0,54,bf_10cm,0.027275
swscape_native_pretrain_s0,0,55,bf_10cm,0.027619
swscape_native_pretrain_s0,0,56,bf_10cm,0.027598
swscape_native_pretrain_s0,0,57,bf_10cm,0.027351
swscape_native_pretrain_s0,0,58,bf_10cm,0.025858
swscape_native_pretrain_s0,0,59,bf_10cm,0.027094
swscape_native_pretrain_s0,0,60,bf_10cm,0.028031
swscape_native_pretrain_s0,0,61,bf_10cm,0.027396
swscape_native_pretrain_s0,0,62,bf_10cm,0.027459
swscape_native_pretrain_s0,0,63,bf_10cm,0.026116
swscape_native_pretrain_s0,0,64,bf_10cm,0.029059
swscape_native_pretrain_s0,0,65,bf_10cm,0.027018
swscape_native_pretrain_s0,0,66,bf_10cm,0.027533
swscape_native_pretrain_s0,0,67,bf_10cm,0.027226
swscape_native_pretrain_s0,0,68,bf_10cm,0.027357
swscape_native_pretrain_s0,0,69,bf_10cm,0.026573
swscape_native_pretrain_s0,0,70,bf_10cm,0.028497
swscape_native_pretrain_s0,0,71,bf_10cm,0.028094
swscape_native_pretrain_s0,0,72,bf_10cm,0.027318
swscape_native_pretrain_s0,0,73,bf_10cm,0.026668
swscape_native_pretrain_s0,0,74,bf_10cm,0.027471
swscape_native_pretrain_s0,0,75,bf_10cm,0.026687
swscape_native_pretrain_s0,0,76,bf_10cm,0.026254
swscape_native_pretrain_s0,0,77,bf_10cm,0.027743
swscape_native_pretrain_s0,0,78,bf_10cm,0.027572
swscape_native_pretrain_s0,0,79,bf_10cm,0.027521
swscape_native_pretrain_s0,0,80,bf_10cm,0.027817
swscape_native_pretrain_s0,0,81,bf_10cm,0.027068
swscape_native_pretrain_s0,0,82,bf_10cm,0.027401
swscape_native_pretrain_s0,0,83,bf_10cm,0.027111
swscape_native_pretrain_s0,0,84,bf_10cm,0.027484
swscape_native_pretrain_s0,0,85,bf_10cm,0.027332
swscape_native_pretrain_s0,0,86,bf_10cm,0.027205
swscape_native_pretrain_s0,0,87,bf_10cm,0.027151
swscape_native_pretrain_s0,0,88,bf_10cm,0.027654
swscape_native_pretrain_s0,0,89,bf_10cm,0.027184
swscape_native_pretrain_s0,0,90,bf_10cm,0.027581
swscape_native_pretrain_s0,0,91,bf_10cm,0.027527
swscape_native_pretrain_s0,0,92,bf_10cm,0.027306
swscape_native_pretrain_s0,0,93,bf_10cm,0.027191
swscape_native_pretrain_s0,0,94,bf_10cm,0.027135
swscape_native_pretrain_s0,0,95,bf_10cm,0.026969
swscape_native_pretrain_s0,0,96,bf_10cm,0.027196
swscape_native_pretrain_s0,0,97,bf_10cm,0.027104
swscape_native_pretrain_s0,0,98,bf_10cm,0.027253
swscape_native_pretrain_s0,0,99,bf_10cm,0.027127
swscape_native_pretrain_s0,0,100,bf_10cm,0.027187
swscape_native_pretrain_s0,0,1,bf_20cm,0.061729
swscape_native_pretrain_s0,0,2,bf_20cm,0.068798
swscape_native_pretrain_s0,0,3,bf_20cm,0.074016
swscape_native_pretrain_s0,0,4,bf_20cm,0.063823
swscape_native_pretrain_s0,0,5,bf_20cm,0.072984
swscape_native_pretrain_s0,0,6,bf_20cm,0.059964
swscape_native_pretrain_s0,0,7,bf_20cm,0.064936
swscape_native_pretrain_s0,0,8,bf_20cm,0.0939
swscape_native_pretrain_s0,0,9,bf_20cm,0.079404
swscape_native_pretrain_s0,0,10,bf_20cm,0.074681
swscape_native_pretrain_s0,0,11,bf_20cm,0.079328
swscape_native_pretrain_s0,0,12,bf_20cm,0.068625
swscape_native_pretrain_s0,0,13,bf_20cm,0.070319
swscape_native_pretrain_s0,0,14,bf_20cm,0.074644
swscape_native_pretrain_s0,0,15,bf_20cm,0.078895
swscape_native_pretrain_s0,0,16,bf_20cm,0.079732
swscape_native_pretrain_s0,0,17,bf_20cm,0.071239
swscape_native_pretrain_s0,0,18,bf_20cm,0.070147
swscape_native_pretrain_s0,0,19,bf_20cm,0.079302
swscape_native_pretrain_s0,0,20,bf_20cm,0.082495
swscape_native_pretrain_s0,0,21,bf_20cm,0.084312
swscape_native_pretrain_s0,0,22,bf_20cm,0.074649
swscape_native_pretrain_s0,0,23,bf_20cm,0.081056
swscape_native_pretrain_s0,0,24,bf_20cm,0.081638
swscape_native_pretrain_s0,0,25,bf_20cm,0.077399
swscape_native_pretrain_s0,0,26,bf_20cm,0.083569
swscape_native_pretrain_s0,0,27,bf_20cm,0.072266
swscape_native_pretrain_s0,0,28,bf_20cm,0.080726
swscape_native_pretrain_s0,0,29,bf_20cm,0.073768
swscape_native_pretrain_s0,0,30,bf_20cm,0.081923
swscape_native_pretrain_s0,0,31,bf_20cm,0.077369
swscape_native_pretrain_s0,0,32,bf_20cm,0.079775
swscape_native_pretrain_s0,0,33,bf_20cm,0.074795
swscape_native_pretrain_s0,0,34,bf_20cm,0.077312
swscape_native_pretrain_s0,0,35,bf_20cm,0.079765
swscape_native_pretrain_s0,0,36,bf_20cm,0.077119
swscape_native_pretrain_s0,0,37,bf_20cm,0.072345
swscape_native_pretrain_s0,0,38,bf_20cm,0.076171
swscape_native_pretrain_s0,0,39,bf_20cm,0.075858
swscape_native_pretrain_s0,0,40,bf_20cm,0.080017
swscape_native_pretrain_s0,0,41,bf_20cm,0.08129
swscape_native_pretrain_s0,0,42,bf_20cm,0.069585
swscape_native_pretrain_s0,0,43,bf_20cm,0.07347
swscape_native_pretrain_s0,0,44,bf_20cm,0.063907
swscape_native_pretrain_s0,0,45,bf_20cm,0.076389
swscape_native_pretrain_s0,0,46,bf_20cm,0.072579
swscape_native_pretrain_s0,0,47,bf_20cm,0.081474
swscape_native_pretrain_s0,0,48,bf_20cm,0.076279
swscape_native_pretrain_s0,0,49,bf_20cm,0.078735
swscape_native_pretrain_s0,0,50,bf_20cm,0.079294
swscape_native_pretrain_s0,0,51,bf_20cm,0.07235
swscape_native_pretrain_s0,0,52,bf_20cm,0.076524
swscape_native_pretrain_s0,0,53,bf_20cm,0.076981
swscape_native_pretrain_s0,0,54,bf_20cm,0.077288
swscape_native_pretrain_s0,0,55,bf_20cm,0.078378
swscape_native_pretrain_s0,0,56,bf_20cm,0.078162
swscape_native_pretrain_s0,0,57,bf_20cm,0.077928
swscape_native_pretrain_s0,0,58,bf_20cm,0.073855
swscape_native_pretrain_s0,0,59,bf_20cm,0.077246
swscape_native_pretrain_s0,0,60,bf_20cm,0.079511
swscape_native_pretrain_s0,0,61,bf_20cm,0.077429
swscape_native_pretrain_s0,0,62,bf_20cm,0.077796
swscape_native_pretrain_s0,0,63,bf_20cm,0.07473
swscape_native_pretrain_s0,0,64,bf_20cm,0.082453
swscape_native_pretrain_s0,0,65,bf_20cm,0.076686
swscape_native_pretrain_s0,0,66,bf_20cm,0.078566
swscape_native_pretrain_s0,0,67,bf_20cm,0.077338
swscape_native_pretrain_s0,0,68,bf_20cm,0.077777
swscape_native_pretrain_s0,0,69,bf_20cm,0.075843
swscape_native_pretrain_s0,0,70,bf_20cm,0.080827
swscape_native_pretrain_s0,0,71,bf_20cm,0.079485
swscape_native_pretrain_s0,0,72,bf_20cm,0.077515
swscape_native_pretrain_s0,0,73,bf_20cm,0.075846
swscape_native_pretrain_s0,0,74,bf_20cm,0.077824
swscape_native_pretrain_s0,0,75,bf_20cm,0.076059
swscape_native_pretrain_s0,0,76,bf_20cm,0.07467
swscape_native_pretrain_s0,0,77,bf_20cm,0.078385
swscape_native_pretrain_s0,0,78,bf_20cm,0.078067
swscape_native_pretrain_s0,0,79,bf_20cm,0.077912
swscape_native_pretrain_s0,0,80,bf_20cm,0.0788
swscape_native_pretrain_s0,0,81,bf_20cm,0.077109
swscape_native_pretrain_s0,0,82,bf_20cm,0.077586
swscape_native_pretrain_s0,0,83,bf_20cm,0.077262
swscape_native_pretrain_s0,0,84,bf_20cm,0.077723
swscape_native_pretrain_s0,0,85,bf_20cm,0.077584
swscape_native_pretrain_s0,0,86,bf_20cm,0.077145
swscape_native_pretrain_s0,0,87,bf_20cm,0.077188
swscape_native_pretrain_s0,0,88,bf_20cm,0.078262
swscape_native_pretrain_s0,0,89,bf_20cm,0.077227
swscape_native_pretrain_s0,0,90,bf_20cm,0.078342
swscape_native_pretrain_s0,0,91,bf_20cm,0.077948
swscape_native_pretrain_s0,0,92,bf_20cm,0.077346
swscape_native_pretrain_s0,0,93,bf_20cm,0.07716
swscape_native_pretrain_s0,0,94,bf_20cm,0.077008
swscape_native_pretrain_s0,0,95,bf_20cm,0.076676
swscape_native_pretrain_s0,0,96,bf_20cm,0.077164
swscape_native_pretrain_s0,0,97,bf_20cm,0.076981
swscape_native_pretrain_s0,0,98,bf_20cm,0.077335
swscape_native_pretrain_s0,0,99,bf_20cm,0.07707
swscape_native_pretrain_s0,0,100,bf_20cm,0.077241
swscape_native_pretrain_s0,0,1,bf_30cm,0.105465
swscape_native_pretrain_s0,0,2,bf_30cm,0.11546
swscape_native_pretrain_s0,0,3,bf_30cm,0.122186
swscape_native_pretrain_s0,0,4,bf_30cm,0.107283
swscape_native_pretrain_s0,0,5,bf_30cm,0.119609
swscape_native_pretrain_s0,0,6,bf_30cm,0.10407
swscape_native_pretrain_s0,0,7,bf_30cm,0.109448
swscape_native_pretrain_s0,0,8,bf_30cm,0.150601
swscape_native_pretrain_s0,0,9,bf_30cm,0.12923
swscape_native_pretrain_s0,0,10,bf_30cm,0.120553
swscape_native_pretrain_s0,0,11,bf_30cm,0.129717
swscape_native_pretrain_s0,0,12,bf_30cm,0.115457
swscape_native_pretrain_s0,0,13,bf_30cm,0.116901
swscape_native_pretrain_s0,0,14,bf_30cm,0.123235
swscape_native_pretrain_s0,0,15,bf_30cm,0.127805
swscape_native_pretrain_s0,0,16,bf_30cm,0.130579
swscape_native_pretrain_s0,0,17,bf_30cm,0.11748
swscape_native_pretrain_s0,0,18,bf_30cm,0.117282
swscape_native_pretrain_s0,0,19,bf_30cm,0.128579
swscape_native_pretrain_s0,0,20,bf_30cm,0.133212
swscape_native_pretrain_s0,0,21,bf_30cm,0.134981
swscape_native_pretrain_s0,0,22,bf_30cm,0.122282
swscape_native_pretrain_s0,0,23,bf_30cm,0.130578
swscape_native_pretrain_s0,0,24,bf_30cm,0.130932
swscape_native_pretrain_s0,0,25,bf_30cm,0.124986
swscape_native_pretrain_s0,0,26,bf_30cm,0.133831
swscape_native_pretrain_s0,0,27,bf_30cm,0.118049
swscape_native_pretrain_s0,0,28,bf_30cm,0.130629
swscape_native_pretrain_s0,0,29,bf_30cm,0.120321
swscape_native_pretrain_s0,0,30,bf_30cm,0.130885
swscape_native_pretrain_s0,0,31,bf_30cm,0.125365
swscape_native_pretrain_s0,0,32,bf_30cm,0.128552
swscape_native_pretrain_s0,0,33,bf_30cm,0.12184
swscape_native_pretrain_s0,0,34,bf_30cm,0.125542
swscape_native_pretrain_s0,0,35,bf_30cm,0.12832
swscape_native_pretrain_s0,0,36,bf_30cm,0.125285
swscape_native_pretrain_s0,0,37,bf_30cm,0.11868
swscape_native_pretrain_s0,0,38,bf_30cm,0.12357
swscape_native_pretrain_s0,0,39,bf_30cm,0.123959
swscape_native_pretrain_s0,0,40,bf_30cm,0.128997
swscape_native_pretrain_s0,0,41,bf_30cm,0.130398
swscape_native_pretrain_s0,0,42,bf_30cm,0.115297
swscape_native_pretrain_s0,0,43,bf_30cm,0.120739
swscape_native_pretrain_s0,0,44,bf_30cm,0.107245
swscape_native_pretrain_s0,0,45,bf_30cm,0.12378
swscape_native_pretrain_s0,0,46,bf_30cm,0.119045
swscape_native_pretrain_s0,0,47,bf_30cm,0.130374
swscape_native_pretrain_s0,0,48,bf_30cm,0.123882
swscape_native_pretrain_s0,0,49,bf_30cm,0.127411
swscape_native_pretrain_s0,0,50,bf_30cm,0.127949
swscape_native_pretrain_s0,0,51,bf_30cm,0.118659
swscape_native_pretrain_s0,0,52,bf_30cm,0.123834
swscape_native_pretrain_s0,0,53,bf_30cm,0.124495
swscape_native_pretrain_s0,0,54,bf_30cm,0.124669
swscape_native_pretrain_s0,0,55,bf_30cm,0.126458
swscape_native_pretrain_s0,0,56,bf_30cm,0.125955
swscape_native_pretrain_s0,0,57,bf_30cm,0.126047
swscape_native_pretrain_s0,0,58,bf_30cm,0.120233
swscape_native_pretrain_s0,0,59,bf_30cm,0.125224
swscape_native_pretrain_s0,0,60,bf_30cm,0.127642
swscape_native_pretrain_s0,0,61,bf_30cm,0.125068
swscape_native_pretrain_s0,0,62,bf_30cm,0.125458
swscape_native_pretrain_s0,0,63,bf_30cm,0.12163
swscape_native_pretrain_s0,0,64,bf_30cm,0.132027
swscape_native_pretrain_s0,0,65,bf_30cm,0.124191
swscape_native_pretrain_s0,0,66,bf_30cm,0.12654
swscape_native_pretrain_s0,0,67,bf_30cm,0.125109
swscape_native_pretrain_s0,0,68,bf_30cm,0.125896
swscape_native_pretrain_s0,0,69,bf_30cm,0.122816
swscape_native_pretrain_s0,0,70,bf_30cm,0.129613
swscape_native_pretrain_s0,0,71,bf_30cm,0.127544
swscape_native_pretrain_s0,0,72,bf_30cm,0.125221
swscape_native_pretrain_s0,0,73,bf_30cm,0.123018
swscape_native_pretrain_s0,0,74,bf_30cm,0.125549
swscape_native_pretrain_s0,0,75,bf_30cm,0.123545
swscape_native_pretrain_s0,0,76,bf_30cm,0.1215
swscape_native_pretrain_s0,0,77,bf_30cm,0.126178
swscape_native_pretrain_s0,0,78,bf_30cm,0.126031
swscape_native_pretrain_s0,0,79,bf_30cm,0.125763
swscape_native_pretrain_s0,0,80,bf_30cm,0.127106
swscape_native_pretrain_s0,0,81,bf_30cm,0.124721
swscape_native_pretrain_s0,0,82,bf_30cm,0.125418
swscape_native_pretrain_s0,0,83,bf_30cm,0.125092
swscape_native_pretrain_s0,0,84,bf_30cm,0.125374
swscape_native_pretrain_s0,0,85,bf_30cm,0.125235
swscape_native_pretrain_s0,0,86,bf_30cm,0.124643
swscape_native_pretrain_s0,0,87,bf_30cm,0.124728
swscape_native_pretrain_s0,0,88,bf_30cm,0.125955
swscape_native_pretrain_s0,0,89,bf_30cm,0.124842
swscape_native_pretrain_s0,0,90,bf_30cm,0.12642
swscape_native_pretrain_s0,0,91,bf_30cm,0.125779
swscape_native_pretrain_s0,0,92,bf_30cm,0.124839
swscape_native_pretrain_s0,0,93,bf_30cm,0.124674
swscape_native_pretrain_s0,0,94,bf_30cm,0.124469
swscape_native_pretrain_s0,0,95,bf_30cm,0.124202
swscape_native_pretrain_s0,0,96,bf_30cm,0.124671
swscape_native_pretrain_s0,0,97,bf_30cm,0.124413
swscape_native_pretrain_s0,0,98,bf_30cm,0.124943
swscape_native_pretrain_s0,0,99,bf_30cm,0.124518
swscape_native_pretrain_s0,0,100,bf_30cm,0.124817
swscape_native_pretrain_s1,1,1,iou_free,0.789716
swscape_native_pretrain_s1,1,2,iou_free,0.813961
swscape_native_pretrain_s1,1,3,iou_free,0.830511
swscape_native_pretrain_s1,1,4,iou_free,0.829927
swscape_native_pretrain_s1,1,5,iou_free,0.845287
swscape_native_pretrain_s1,1,6,iou_free,0.852432
swscape_native_pretrain_s1,1,7,iou_free,0.855578
swscape_native_pretrain_s1,1,8,iou_free,0.858058
swscape_native_pretrain_s1,1,9,iou_free,0.862779
swscape_native_pretrain_s1,1,10,iou_free,0.862063
swscape_native_pretrain_s1,1,11,iou_free,0.866107
swscape_native_pretrain_s1,1,12,iou_free,0.868816
swscape_native_pretrain_s1,1,13,iou_free,0.864888
swscape_native_pretrain_s1,1,14,iou_free,0.867034
swscape_native_pretrain_s1,1,15,iou_free,0.870134
swscape_native_pretrain_s1,1,16,iou_free,0.867484
swscape_native_pretrain_s1,1,17,iou_free,0.867924
swscape_native_pretrain_s1,1,18,iou_free,0.863252
swscape_native_pretrain_s1,1,19,iou_free,0.872485
swscape_native_pretrain_s1,1,20,iou_free,0.870449
swscape_native_pretrain_s1,1,21,iou_free,0.871674
swscape_native_pretrain_s1,1,22,iou_free,0.871526
swscape_native_pretrain_s1,1,23,iou_free,0.870649
swscape_native_pretrain_s1,1,24,iou_free,0.872638
swscape_native_pretrain_s1,1,25,iou_free,0.871305
swscape_native_pretrain_s1,1,26,iou_free,0.872813
swscape_native_pretrain_s1,1,27,iou_free,0.871818
swscape_native_pretrain_s1,1,28,iou_free,0.870646
swscape_native_pretrain_s1,1,29,iou_free,0.869482
swscape_native_pretrain_s1,1,30,iou_free,0.870117
swscape_native_pretrain_s1,1,31,iou_free,0.871298
swscape_native_pretrain_s1,1,32,iou_free,0.871886
swscape_native_pretrain_s1,1,33,iou_free,0.872689
swscape_native_pretrain_s1,1,34,iou_free,0.872134
swscape_native_pretrain_s1,1,35,iou_free,0.872056
swscape_native_pretrain_s1,1,36,iou_free,0.872374
swscape_native_pretrain_s1,1,37,iou_free,0.871733
swscape_native_pretrain_s1,1,38,iou_free,0.872305
swscape_native_pretrain_s1,1,39,iou_free,0.870465
swscape_native_pretrain_s1,1,40,iou_free,0.870981
swscape_native_pretrain_s1,1,41,iou_free,0.870811
swscape_native_pretrain_s1,1,42,iou_free,0.874401
swscape_native_pretrain_s1,1,43,iou_free,0.871231
swscape_native_pretrain_s1,1,44,iou_free,0.872097
swscape_native_pretrain_s1,1,45,iou_free,0.87221
swscape_native_pretrain_s1,1,46,iou_free,0.871849
swscape_native_pretrain_s1,1,47,iou_free,0.871124
swscape_native_pretrain_s1,1,48,iou_free,0.872203
swscape_native_pretrain_s1,1,49,iou_free,0.871285
swscape_native_pretrain_s1,1,50,iou_free,0.872125
swscape_native_pretrain_s1,1,51,iou_free,0.872291
swscape_native_pretrain_s1,1,52,iou_free,0.869855
swscape_native_pretrain_s1,1,53,iou_free,0.871013
swscape_native_pretrain_s1,1,54,iou_free,0.87074
swscape_native_pretrain_s1,1,55,iou_free,0.871446
swscape_native_pretrain_s1,1,56,iou_free,0.870183
swscape_native_pretrain_s1,1,57,iou_free,0.872274
swscape_native_pretrain_s1,1,58,iou_free,0.871103
swscape_native_pretrain_s1,1,59,iou_free,0.872232
swscape_native_pretrain_s1,1,60,iou_free,0.871468
swscape_native_pretrain_s1,1,61,iou_free,0.871365
swscape_native_pretrain_s1,1,62,iou_free,0.871946
swscape_native_pretrain_s1,1,63,iou_free,0.872657
swscape_native_pretrain_s1,1,64,iou_free,0.870872
swscape_native_pretrain_s1,1,65,iou_free,0.870874
swscape_native_pretrain_s1,1,66,iou_free,0.871114
swscape_native_pretrain_s1,1,67,iou_free,0.871164
swscape_native_pretrain_s1,1,68,iou_free,0.871913
swscape_native_pretrain_s1,1,69,iou_free,0.87205
swscape_native_pretrain_s1,1,70,iou_free,0.871881
swscape_native_pretrain_s1,1,71,iou_free,0.870873
swscape_native_pretrain_s1,1,72,iou_free,0.871188
swscape_native_pretrain_s1,1,73,iou_free,0.871537
swscape_native_pretrain_s1,1,74,iou_free,0.871465
swscape_native_pretrain_s1,1,75,iou_free,0.871473
swscape_native_pretrain_s1,1,76,iou_free,0.871861
swscape_native_pretrain_s1,1,77,iou_free,0.870741
swscape_native_pretrain_s1,1,78,iou_free,0.871294
swscape_native_pretrain_s1,1,79,iou_free,0.871242
swscape_native_pretrain_s1,1,80,iou_free,0.870942
swscape_native_pretrain_s1,1,81,iou_free,0.871385
swscape_native_pretrain_s1,1,82,iou_free,0.871248
swscape_native_pretrain_s1,1,83,iou_free,0.870644
swscape_native_pretrain_s1,1,84,iou_free,0.871134
swscape_native_pretrain_s1,1,85,iou_free,0.870646
swscape_native_pretrain_s1,1,86,iou_free,0.871119
swscape_native_pretrain_s1,1,87,iou_free,0.870653
swscape_native_pretrain_s1,1,88,iou_free,0.870644
swscape_native_pretrain_s1,1,89,iou_free,0.870791
swscape_native_pretrain_s1,1,90,iou_free,0.87078
swscape_native_pretrain_s1,1,91,iou_free,0.871131
swscape_native_pretrain_s1,1,92,iou_free,0.870714
swscape_native_pretrain_s1,1,93,iou_free,0.870608
swscape_native_pretrain_s1,1,94,iou_free,0.870615
swscape_native_pretrain_s1,1,95,iou_free,0.870573
swscape_native_pretrain_s1,1,96,iou_free,0.870534
swscape_native_pretrain_s1,1,97,iou_free,0.870469
swscape_native_pretrain_s1,1,98,iou_free,0.870548
swscape_native_pretrain_s1,1,99,iou_free,0.870607
swscape_native_pretrain_s1,1,100,iou_free,0.870553
swscape_native_pretrain_s1,1,1,iou_non_free,0.777683
swscape_native_pretrain_s1,1,2,iou_non_free,0.816507
swscape_native_pretrain_s1,1,3,iou_non_free,0.82627
swscape_native_pretrain_s1,1,4,iou_non_free,0.832684
swscape_native_pretrain_s1,1,5,iou_non_free,0.847124
swscape_native_pretrain_s1,1,6,iou_non_free,0.853121
swscape_native_pretrain_s1,1,7,iou_non_free,0.858923
swscape_native_pretrain_s1,1,8,iou_non_free,0.861474
swscape_native_pretrain_s1,1,9,iou_non_free,0.866285
swscape_native_pretrain_s1,1,10,iou_non_free,0.866455
swscape_native_pretrain_s1,1,11,iou_non_free,0.867338
swscape_native_pretrain_s1,1,12,iou_non_free,0.872599
swscape_native_pretrain_s1,1,13,iou_non_free,0.867444
swscape_native_pretrain_s1,1,14,iou_non_free,0.869466
swscape_native_pretrain_s1,1,15,iou_non_free,0.873779
swscape_native_pretrain_s1,1,16,iou_non_free,0.870452
swscape_native_pretrain_s1,1,17,iou_non_free,0.871386
swscape_native_pretrain_s1,1,18,iou_non_free,0.86853
swscape_native_pretrain_s1,1,19,iou_non_free,0.876638
swscape_native_pretrain_s1,1,20,iou_non_free,0.874685
swscape_native_pretrain_s1,1,21,iou_non_free,0.876374
swscape_native_pretrain_s1,1,22,iou_non_free,0.876014
swscape_native_pretrain_s1,1,23,iou_non_free,0.874717
swscape_native_pretrain_s1,1,24,iou_non_free,0.876737
swscape_native_pretrain_s1,1,25,iou_non_free,0.874572
swscape_native_pretrain_s1,1,26,iou_non_free,0.876997
swscape_native_pretrain_s1,1,27,iou_non_free,0.87551
swscape_native_pretrain_s1,1,28,iou_non_free,0.873641
swscape_native_pretrain_s1,1,29,iou_non_free,0.87362
swscape_native_pretrain_s1,1,30,iou_non_free,0.874041
swscape_native_pretrain_s1,1,31,iou_non_free,0.874907
swscape_native_pretrain_s1,1,32,iou_non_free,0.876107
swscape_native_pretrain_s1,1,33,iou_non_free,0.876976
swscape_native_pretrain_s1,1,34,iou_non_free,0.876238
swscape_native_pretrain_s1,1,35,iou_non_free,0.876033
swscape_native_pretrain_s1,1,36,iou_non_free,0.876276
swscape_native_pretrain_s1,1,37,iou_non_free,0.87611
swscape_native_pretrain_s1,1,38,iou_non_free,0.876325
swscape_native_pretrain_s1,1,39,iou_non_free,0.874214
swscape_native_pretrain_s1,1,40,iou_non_free,0.874326
swscape_native_pretrain_s1,1,41,iou_non_free,0.874277
swscape_native_pretrain_s1,1,42,iou_non_free,0.878493
swscape_native_pretrain_s1,1,43,iou_non_free,0.87438
swscape_native_pretrain_s1,1,44,iou_non_free,0.876237
swscape_native_pretrain_s1,1,45,iou_non_free,0.876332
swscape_native_pretrain_s1,1,46,iou_non_free,0.875649
swscape_native_pretrain_s1,1,47,iou_non_free,0.875021
swscape_native_pretrain_s1,1,48,iou_non_free,0.877222
swscape_native_pretrain_s1,1,49,iou_non_free,0.875214
swscape_native_pretrain_s1,1,50,iou_non_free,0.876417
swscape_native_pretrain_s1,1,51,iou_non_free,0.875985
swscape_native_pretrain_s1,1,52,iou_non_free,0.874247
swscape_native_pretrain_s1,1,53,iou_non_free,0.875147
swscape_native_pretrain_s1,1,54,iou_non_free,0.874166
swscape_native_pretrain_s1,1,55,iou_non_free,0.876058
swscape_native_pretrain_s1,1,56,iou_non_free,0.874177
swscape_native_pretrain_s1,1,57,iou_non_free,0.875574
swscape_native_pretrain_s1,1,58,iou_non_free,0.874752
swscape_native_pretrain_s1,1,59,iou_non_free,0.876282
swscape_native_pretrain_s1,1,60,iou_non_free,0.875422
swscape_native_pretrain_s1,1,61,iou_non_free,0.875384
swscape_native_pretrain_s1,1,62,iou_non_free,0.87649
swscape_native_pretrain_s1,1,63,iou_non_free,0.876418
swscape_native_pretrain_s1,1,64,iou_non_free,0.874835
swscape_native_pretrain_s1,1,65,iou_non_free,0.874593
swscape_native_pretrain_s1,1,66,iou_non_free,0.875161
swscape_native_pretrain_s1,1,67,iou_non_free,0.874759
swscape_native_pretrain_s1,1,68,iou_non_free,0.875807
swscape_native_pretrain_s1,1,69,iou_non_free,0.876296
swscape_native_pretrain_s1,1,70,iou_non_free,0.875722
swscape_native_pretrain_s1,1,71,iou_non_free,0.875035
swscape_native_pretrain_s1,1,72,iou_non_free,0.875135
swscape_native_pretrain_s1,1,73,iou_non_free,0.875517
swscape_native_pretrain_s1,1,74,iou_non_free,0.875266
swscape_native_pretrain_s1,1,75,iou_non_free,0.875698
swscape_native_pretrain_s1,1,76,iou_non_free,0.875801
swscape_native_pretrain_s1,1,77,iou_non_free,0.874634
swscape_native_pretrain_s1,1,78,iou_non_free,0.875192
swscape_native_pretrain_s1,1,79,iou_non_free,0.875111
swscape_native_pretrain_s1,1,80,iou_non_free,0.874634
swscape_native_pretrain_s1,1,81,iou_non_free,0.875258
swscape_native_pretrain_s1,1,82,iou_non_free,0.875056
swscape_native_pretrain_s1,1,83,iou_non_free,0.874703
swscape_native_pretrain_s1,1,84,iou_non_free,0.875008
swscape_native_pretrain_s1,1,85,iou_non_free,0.874325
swscape_native_pretrain_s1,1,86,iou_non_free,0.875178
swscape_native_pretrain_s1,1,87,iou_non_free,0.874534
swscape_native_pretrain_s1,1,88,iou_non_free,0.874422
swscape_native_pretrain_s1,1,89,iou_non_free,0.874655
swscape_native_pretrain_s1,1,90,iou_non_free,0.874795
swscape_native_pretrain_s1,1,91,iou_non_free,0.874918
swscape_native_pretrain_s1,1,92,iou_non_free,0.874575
swscape_native_pretrain_s1,1,93,iou_non_free,0.874413
swscape_native_pretrain_s1,1,94,iou_non_free,0.874459
swscape_native_pretrain_s1,1,95,iou_non_free,0.874451
swscape_native_pretrain_s1,1,96,iou_non_free,0.874345
swscape_native_pretrain_s1,1,97,iou_non_free,0.874241
swscape_native_pretrain_s1,1,98,iou_non_free,0.874413
swscape_native_pretrain_s1,1,99,iou_non_free,0.874384
swscape_native_pretrain_s1,1,100,iou_non_free,0.874372
swscape_native_pretrain_s1,1,1,precision,0.846192
swscape_native_pretrain_s1,1,2,precision,0.892502
swscape_native_pretrain_s1,1,3,precision,0.872406
swscape_native_pretrain_s1,1,4,precision,0.895583
swscape_native_pretrain_s1,1,5,precision,0.900671
swscape_native_pretrain_s1,1,6,precision,0.891941
swscape_native_pretrain_s1,1,7,precision,0.901347
swscape_native_pretrain_s1,1,8,precision,0.907195
swscape_native_pretrain_s1,1,9,precision,0.900579
swscape_native_pretrain_s1,1,10,precision,0.910497
swscape_native_pretrain_s1,1,11,precision,0.893761
swscape_native_pretrain_s1,1,12,precision,0.903939
swscape_native_pretrain_s1,1,13,precision,0.899571
swscape_native_pretrain_s1,1,14,precision,0.895484
swscape_native_pretrain_s1,1,15,precision,0.900901
swscape_native_pretrain_s1,1,16,precision,0.89973
swscape_native_pretrain_s1,1,17,precision,0.902677
swscape_native_pretrain_s1,1,18,precision,0.907406
swscape_native_pretrain_s1,1,19,precision,0.905309
swscape_native_pretrain_s1,1,20,precision,0.912423
swscape_native_pretrain_s1,1,21,precision,0.908231
swscape_native_pretrain_s1,1,22,precision,0.907515
swscape_native_pretrain_s1,1,23,precision,0.901133
swscape_native_pretrain_s1,1,24,precision,0.907922
swscape_native_pretrain_s1,1,25,precision,0.899575
swscape_native_pretrain_s1,1,26,precision,0.904022
swscape_native_pretrain_s1,1,27,precision,0.899293
swscape_native_pretrain_s1,1,28,precision,0.900278
swscape_native_pretrain_s1,1,29,precision,0.904356
swscape_native_pretrain_s1,1,30,precision,0.902115
swscape_native_pretrain_s1,1,31,precision,0.905294
swscape_native_pretrain_s1,1,32,precision,0.905331
swscape_native_pretrain_s1,1,33,precision,0.906592
swscape_native_pretrain_s1,1,34,precision,0.905672
swscape_native_pretrain_s1,1,35,precision,0.905532
swscape_native_pretrain_s1,1,36,precision,0.901025
swscape_native_pretrain_s1,1,37,precision,0.906571
swscape_native_pretrain_s1,1,38,precision,0.905488
swscape_native_pretrain_s1,1,39,precision,0.900801
swscape_native_pretrain_s1,1,40,precision,0.899956
swscape_native_pretrain_s1,1,41,precision,0.900231
swscape_native_pretrain_s1,1,42,precision,0.905869
swscape_native_pretrain_s1,1,43,precision,0.89865
swscape_native_pretrain_s1,1,44,precision,0.903943
swscape_native_pretrain_s1,1,45,precision,0.904633
swscape_native_pretrain_s1,1,46,precision,0.902483
swscape_native_pretrain_s1,1,47,precision,0.903607
swscape_native_pretrain_s1,1,48,precision,0.908444
swscape_native_pretrain_s1,1,49,precision,0.901682
swscape_native_pretrain_s1,1,50,precision,0.904826
swscape_native_pretrain_s1,1,51,precision,0.900746
swscape_native_pretrain_s1,1,52,precision,0.906406
swscape_native_pretrain_s1,1,53,precision,0.903866
swscape_native_pretrain_s1,1,54,precision,0.89995
swscape_native_pretrain_s1,1,55,precision,0.907991
swscape_native_pretrain_s1,1,56,precision,0.90355
swscape_native_pretrain_s1,1,57,precision,0.901321
swscape_native_pretrain_s1,1,58,precision,0.902976
swscape_native_pretrain_s1,1,59,precision,0.903261
swscape_native_pretrain_s1,1,60,precision,0.903378
swscape_native_pretrain_s1,1,61,precision,0.90249
swscape_native_pretrain_s1,1,62,precision,0.906924
swscape_native_pretrain_s1,1,63,precision,0.900886
swscape_native_pretrain_s1,1,64,precision,0.902849
swscape_native_pretrain_s1,1,65,precision,0.901917
swscape_native_pretrain_s1,1,66,precision,0.903587
swscape_native_pretrain_s1,1,67,precision,0.899681
swscape_native_pretrain_s1,1,68,precision,0.902575
swscape_native_pretrain_s1,1,69,precision,0.904374
swscape_native_pretrain_s1,1,70,precision,0.90226
swscape_native_pretrain_s1,1,71,precision,0.903882
swscape_native_pretrain_s1,1,72,precision,0.902926
swscape_native_pretrain_s1,1,73,precision,0.902996
swscape_native_pretrain_s1,1,74,precision,0.902974
swscape_native_pretrain_s1,1,75,precision,0.904642
swscape_native_pretrain_s1,1,76,precision,0.902063
swscape_native_pretrain_s1,1,77,precision,0.902342
swscape_native_pretrain_s1,1,78,precision,0.902739
swscape_native_pretrain_s1,1,79,precision,0.902234
swscape_native_pretrain_s1,1,80,precision,0.90247
swscape_native_pretrain_s1,1,81,precision,0.902903
swscape_native_pretrain_s1,1,82,precision,0.90233
swscape_native_pretrain_s1,1,83,precision,0.903794
swscape_native_pretrain_s1,1,84,precision,0.903059
swscape_native_pretrain_s1,1,85,precision,0.901913
swscape_native_pretrain_s1,1,86,precision,0.903076
swscape_native_pretrain_s1,1,87,precision,0.902518
swscape_native_pretrain_s1,1,88,precision,0.902009
swscape_native_pretrain_s1,1,89,precision,0.902506
swscape_native_pretrain_s1,1,90,precision,0.902938
swscape_native_pretrain_s1,1,91,precision,0.90217
swscape_native_pretrain_s1,1,92,precision,0.902577
swscape_native_pretrain_s1,1,93,precision,0.902123
swscape_native_pretrain_s1,1,94,precision,0.902418
swscape_native_pretrain_s1,1,95,precision,0.902547
swscape_native_pretrain_s1,1,96,precision,0.902386
swscape_native_pretrain_s1,1,97,precision,0.902267
swscape_native_pretrain_s1,1,98,precision,0.902771
swscape_native_pretrain_s1,1,99,precision,0.90212
swscape_native_pretrain_s1,1,100,precision,0.902434
swscape_native_pretrain_s1,1,1,recall,0.926395
swscape_native_pretrain_s1,1,2,recall,0.906586
swscape_native_pretrain_s1,1,3,recall,0.947429
swscape_native_pretrain_s1,1,4,recall,0.922557
swscape_native_pretrain_s1,1,5,recall,0.934592
swscape_native_pretrain_s1,1,6,recall,0.950835
swscape_native_pretrain_s1,1,7,recall,0.944644
swscape_native_pretrain_s1,1,8,recall,0.941282
swscape_native_pretrain_s1,1,9,recall,0.954115
swscape_native_pretrain_s1,1,10,recall,0.943172
swscape_native_pretrain_s1,1,11,recall,0.96601
swscape_native_pretrain_s1,1,12,recall,0.957601
swscape_native_pretrain_s1,1,13,recall,0.957799
swscape_native_pretrain_s1,1,14,recall,0.965158
swscape_native_pretrain_s1,1,15,recall,0.962582
swscape_native_pretrain_s1,1,16,recall,0.960895
swscape_native_pretrain_s1,1,17,recall,0.95812
swscape_native_pretrain_s1,1,18,recall,0.947446
swscape_native_pretrain_s1,1,19,recall,0.960319
swscape_native_pretrain_s1,1,20,recall,0.950697
swscape_native_pretrain_s1,1,21,recall,0.956398
swscape_native_pretrain_s1,1,22,recall,0.95692
swscape_native_pretrain_s1,1,23,recall,0.962946
swscape_native_pretrain_s1,1,24,recall,0.957619
swscape_native_pretrain_s1,1,25,recall,0.965351
swscape_native_pretrain_s1,1,26,recall,0.962169
swscape_native_pretrain_s1,1,27,recall,0.96605
swscape_native_pretrain_s1,1,28,recall,0.963563
swscape_native_pretrain_s1,1,29,recall,0.957908
swscape_native_pretrain_s1,1,30,recall,0.961258
swscape_native_pretrain_s1,1,31,recall,0.959354
swscape_native_pretrain_s1,1,32,recall,0.959934
swscape_native_pretrain_s1,1,33,recall,0.959129
swscape_native_pretrain_s1,1,34,recall,0.95971
swscape_native_pretrain_s1,1,35,recall,0.959902
swscape_native_pretrain_s1,1,36,recall,0.965083
swscape_native_pretrain_s1,1,37,recall,0.958195
swscape_native_pretrain_s1,1,38,recall,0.960156
swscape_native_pretrain_s1,1,39,recall,0.962895
swscape_native_pretrain_s1,1,40,recall,0.964627
swscape_native_pretrain_s1,1,41,recall,0.964104
swscape_native_pretrain_s1,1,42,recall,0.962362
swscape_native_pretrain_s1,1,43,recall,0.966243
swscape_native_pretrain_s1,1,44,recall,0.961484
swscape_native_pretrain_s1,1,45,recall,0.960793
swscape_native_pretrain_s1,1,46,recall,0.962816
swscape_native_pretrain_s1,1,47,recall,0.960545
swscape_native_pretrain_s1,1,48,recall,0.956468
swscape_native_pretrain_s1,1,49,recall,0.962855
swscape_native_pretrain_s1,1,50,recall,0.960476
swscape_native_pretrain_s1,1,51,recall,0.965196
swscape_native_pretrain_s1,1,52,recall,0.956093
swscape_native_pretrain_s1,1,53,recall,0.960309
swscape_native_pretrain_s1,1,54,recall,0.964329
swscape_native_pretrain_s1,1,55,recall,0.956261
swscape_native_pretrain_s1,1,56,recall,0.959765
swscape_native_pretrain_s1,1,57,recall,0.964564
swscape_native_pretrain_s1,1,58,recall,0.961609
swscape_native_pretrain_s1,1,59,recall,0.962331
swscape_native_pretrain_s1,1,60,recall,0.961442
swscape_native_pretrain_s1,1,61,recall,0.962151
swscape_native_pretrain_s1,1,62,recall,0.958101
swscape_native_pretrain_s1,1,63,recall,0.965399
swscape_native_pretrain_s1,1,64,recall,0.961227
swscape_native_pretrain_s1,1,65,recall,0.962296
swscape_native_pretrain_s1,1,66,recall,0.960656
swscape_native_pretrain_s1,1,67,recall,0.964945
swscape_native_pretrain_s1,1,68,recall,0.962809
swscape_native_pretrain_s1,1,69,recall,0.960936
swscape_native_pretrain_s1,1,70,recall,0.963186
swscape_native_pretrain_s1,1,71,recall,0.960117
swscape_native_pretrain_s1,1,72,recall,0.96149
swscape_native_pretrain_s1,1,73,recall,0.961792
swscape_native_pretrain_s1,1,74,recall,0.961833
swscape_native_pretrain_s1,1,75,recall,0.959884
swscape_native_pretrain_s1,1,76,recall,0.963276
swscape_native_pretrain_s1,1,77,recall,0.961597
swscape_native_pretrain_s1,1,78,recall,0.961896
swscape_native_pretrain_s1,1,79,recall,0.962259
swscape_native_pretrain_s1,1,80,recall,0.961774
swscape_native_pretrain_s1,1,81,recall,0.961782
swscape_native_pretrain_s1,1,82,recall,0.962258
swscape_native_pretrain_s1,1,83,recall,0.959912
swscape_native_pretrain_s1,1,84,recall,0.96136
swscape_native_pretrain_s1,1,85,recall,0.962069
swscape_native_pretrain_s1,1,86,recall,0.961197
swscape_native_pretrain_s1,1,87,recall,0.961343
swscape_native_pretrain_s1,1,88,recall,0.961883
swscape_native_pretrain_s1,1,89,recall,0.961445
swscape_native_pretrain_s1,1,90,recall,0.960967
swscape_native_pretrain_s1,1,91,recall,0.96225
swscape_native_pretrain_s1,1,92,recall,0.961327
swscape_native_pretrain_s1,1,93,recall,0.961675
swscape_native_pretrain_s1,1,94,recall,0.961378
swscape_native_pretrain_s1,1,95,recall,0.961187
swscape_native_pretrain_s1,1,96,recall,0.961312
swscape_native_pretrain_s1,1,97,recall,0.961395
swscape_native_pretrain_s1,1,98,recall,0.960903
swscape_native_pretrain_s1,1,99,recall,0.961693
swscape_native_pretrain_s1,1,100,recall,0.96128
swscape_native_pretrain_s1,1,1,bf_10cm,0.024258
swscape_native_pretrain_s1,1,2,bf_10cm,0.016933
swscape_native_pretrain_s1,1,3,bf_10cm,0.020692
swscape_native_pretrain_s1,1,4,bf_10cm,0.020966
swscape_native_pretrain_s1,1,5,bf_10cm,0.025753
swscape_native_pretrain_s1,1,6,bf_10cm,0.024894
swscape_native_pretrain_s1,1,7,bf_10cm,0.024404
swscape_native_pretrain_s1,1,8,bf_10cm,0.028433
swscape_native_pretrain_s1,1,9,bf_10cm,0.025496
swscape_native_pretrain_s1,1,10,bf_10cm,0.020378
swscape_native_pretrain_s1,1,11,bf_10cm,0.030965
swscape_native_pretrain_s1,1,12,bf_10cm,0.027494
swscape_native_pretrain_s1,1,13,bf_10cm,0.029586
swscape_native_pretrain_s1,1,14,bf_10cm,0.027678
swscape_native_pretrain_s1,1,15,bf_10cm,0.027605
swscape_native_pretrain_s1,1,16,bf_10cm,0.029357
swscape_native_pretrain_s1,1,17,bf_10cm,0.028348
swscape_native_pretrain_s1,1,18,bf_10cm,0.025452
swscape_native_pretrain_s1,1,19,bf_10cm,0.02544
swscape_native_pretrain_s1,1,20,bf_10cm,0.026103
swscape_native_pretrain_s1,1,21,bf_10cm,0.026401
swscape_native_pretrain_s1,1,22,bf_10cm,0.026226
swscape_native_pretrain_s1,1,23,bf_10cm,0.02689
swscape_native_pretrain_s1,1,24,bf_10cm,0.027098
swscape_native_pretrain_s1,1,25,bf_10cm,0.027872
swscape_native_pretrain_s1,1,26,bf_10cm,0.027583
swscape_native_pretrain_s1,1,27,bf_10cm,0.028244
swscape_native_pretrain_s1,1,28,bf_10cm,0.029642
swscape_native_pretrain_s1,1,29,bf_10cm,0.024566
swscape_native_pretrain_s1,1,30,bf_10cm,0.025353
swscape_native_pretrain_s1,1,31,bf_10cm,0.027116
swscape_native_pretrain_s1,1,32,bf_10cm,0.026131
swscape_native_pretrain_s1,1,33,bf_10cm,0.0271
swscape_native_pretrain_s1,1,34,bf_10cm,0.026575
swscape_native_pretrain_s1,1,35,bf_10cm,0.025908
swscape_native_pretrain_s1,1,36,bf_10cm,0.027917
swscape_native_pretrain_s1,1,37,bf_10cm,0.026238
swscape_native_pretrain_s1,1,38,bf_10cm,0.024934
swscape_native_pretrain_s1,1,39,bf_10cm,0.0278
swscape_native_pretrain_s1,1,40,bf_10cm,0.029
swscape_native_pretrain_s1,1,41,bf_10cm,0.02785
swscape_native_pretrain_s1,1,42,bf_10cm,0.026446
swscape_native_pretrain_s1,1,43,bf_10cm,0.028575
swscape_native_pretrain_s1,1,44,bf_10cm,0.027076
swscape_native_pretrain_s1,1,45,bf_10cm,0.026269
swscape_native_pretrain_s1,1,46,bf_10cm,0.028024
swscape_native_pretrain_s1,1,47,bf_10cm,0.027469
swscape_native_pretrain_s1,1,48,bf_10cm,0.025805
swscape_native_pretrain_s1,1,49,bf_10cm,0.028417
swscape_native_pretrain_s1,1,50,bf_10cm,0.027165
swscape_native_pretrain_s1,1,51,bf_10cm,0.028296
swscape_native_pretrain_s1,1,52,bf_10cm,0.025535
swscape_native_pretrain_s1,1,53,bf_10cm,0.027258
swscape_native_pretrain_s1,1,54,bf_10cm,0.027287
swscape_native_pretrain_s1,1,55,bf_10cm,0.026344
swscape_native_pretrain_s1,1,56,bf_10cm,0.027137
swscape_native_pretrain_s1,1,57,bf_10cm,0.028395
swscape_native_pretrain_s1,1,58,bf_10cm,0.027394
swscape_native_pretrain_s1,1,59,bf_10cm,0.026967
swscape_native_pretrain_s1,1,60,bf_10cm,0.027603
swscape_native_pretrain_s1,1,61,bf_10cm,0.027176
swscape_native_pretrain_s1,1,62,bf_10cm,0.025891
swscape_native_pretrain_s1,1,63,bf_10cm,0.028237
swscape_native_pretrain_s1,1,64,bf_10cm,0.027308
swscape_native_pretrain_s1,1,65,bf_10cm,0.027884
swscape_native_pretrain_s1,1,66,bf_10cm,0.027569
swscape_native_pretrain_s1,1,67,bf_10cm,0.028924
swscape_native_pretrain_s1,1,68,bf_10cm,0.027238
swscape_native_pretrain_s1,1,69,bf_10cm,0.027148
swscape_native_pretrain_s1,1,70,bf_10cm,0.027628
swscape_native_pretrain_s1,1,71,bf_10cm,0.027685
swscape_native_pretrain_s1,1,72,bf_10cm,0.027959
swscape_native_pretrain_s1,1,73,bf_10cm,0.028143
swscape_native_pretrain_s1,1,74,bf_10cm,0.027789
swscape_native_pretrain_s1,1,75,bf_10cm,0.027173
swscape_native_pretrain_s1,1,76,bf_10cm,0.026951
swscape_native_pretrain_s1,1,77,bf_10cm,0.02738
swscape_native_pretrain_s1,1,78,bf_10cm,0.027909
swscape_native_pretrain_s1,1,79,bf_10cm,0.027279
swscape_native_pretrain_s1,1,80,bf_10cm,0.027582
swscape_native_pretrain_s1,1,81,bf_10cm,0.027405
swscape_native_pretrain_s1,1,82,bf_10cm,0.027565
swscape_native_pretrain_s1,1,83,bf_10cm,0.027241
swscape_native_pretrain_s1,1,84,bf_10cm,0.027683
swscape_native_pretrain_s1,1,85,bf_10cm,0.027454
swscape_native_pretrain_s1,1,86,bf_10cm,0.027568
swscape_native_pretrain_s1,1,87,bf_10cm,0.027514
swscape_native_pretrain_s1,1,88,bf_10cm,0.027572
swscape_native_pretrain_s1,1,89,bf_10cm,0.027635
swscape_native_pretrain_s1,1,90,bf_10cm,0.027159
swscape_native_pretrain_s1,1,91,bf_10cm,0.027689
swscape_native_pretrain_s1,1,92,bf_10cm,0.027278
swscape_native_pretrain_s1,1,93,bf_10cm,0.027388
swscape_native_pretrain_s1,1,94,bf_10cm,0.027164
swscape_native_pretrain_s1,1,95,bf_10cm,0.027203
swscape_native_pretrain_s1,1,96,bf_10cm,0.027511
swscape_native_pretrain_s1,1,97,bf_10cm,0.027387
swscape_native_pretrain_s1,1,98,bf_10cm,0.027284
swscape_native_pretrain_s1,1,99,bf_10cm,0.027486
swscape_native_pretrain_s1,1,100,bf_10cm,0.027382
swscape_native_pretrain_s1,1,1,bf_20cm,0.075849
swscape_native_pretrain_s1,1,2,bf_20cm,0.053927
swscape_native_pretrain_s1,1,3,bf_20cm,0.065792
swscape_native_pretrain_s1,1,4,bf_20cm,0.063694
swscape_native_pretrain_s1,1,5,bf_20cm,0.075984
swscape_native_pretrain_s1,1,6,bf_20cm,0.075939
swscape_native_pretrain_s1,1,7,bf_20cm,0.072723
swscape_native_pretrain_s1,1,8,bf_20cm,0.083086
swscape_native_pretrain_s1,1,9,bf_20cm,0.075277
swscape_native_pretrain_s1,1,10,bf_20cm,0.061445
swscape_native_pretrain_s1,1,11,bf_20cm,0.090617
swscape_native_pretrain_s1,1,12,bf_20cm,0.079615
swscape_native_pretrain_s1,1,13,bf_20cm,0.085741
swscape_native_pretrain_s1,1,14,bf_20cm,0.081116
swscape_native_pretrain_s1,1,15,bf_20cm,0.080011
swscape_native_pretrain_s1,1,16,bf_20cm,0.085832
swscape_native_pretrain_s1,1,17,bf_20cm,0.081707
swscape_native_pretrain_s1,1,18,bf_20cm,0.073744
swscape_native_pretrain_s1,1,19,bf_20cm,0.073181
swscape_native_pretrain_s1,1,20,bf_20cm,0.075656
swscape_native_pretrain_s1,1,21,bf_20cm,0.076482
swscape_native_pretrain_s1,1,22,bf_20cm,0.075038
swscape_native_pretrain_s1,1,23,bf_20cm,0.077215
swscape_native_pretrain_s1,1,24,bf_20cm,0.077373
swscape_native_pretrain_s1,1,25,bf_20cm,0.079876
swscape_native_pretrain_s1,1,26,bf_20cm,0.078637
swscape_native_pretrain_s1,1,27,bf_20cm,0.08097
swscape_native_pretrain_s1,1,28,bf_20cm,0.085145
swscape_native_pretrain_s1,1,29,bf_20cm,0.071763
swscape_native_pretrain_s1,1,30,bf_20cm,0.072927
swscape_native_pretrain_s1,1,31,bf_20cm,0.076982
swscape_native_pretrain_s1,1,32,bf_20cm,0.075117
swscape_native_pretrain_s1,1,33,bf_20cm,0.077224
swscape_native_pretrain_s1,1,34,bf_20cm,0.076792
swscape_native_pretrain_s1,1,35,bf_20cm,0.073748
swscape_native_pretrain_s1,1,36,bf_20cm,0.078864
swscape_native_pretrain_s1,1,37,bf_20cm,0.074943
swscape_native_pretrain_s1,1,38,bf_20cm,0.072078
swscape_native_pretrain_s1,1,39,bf_20cm,0.079137
swscape_native_pretrain_s1,1,40,bf_20cm,0.081909
swscape_native_pretrain_s1,1,41,bf_20cm,0.079544
swscape_native_pretrain_s1,1,42,bf_20cm,0.075749
swscape_native_pretrain_s1,1,43,bf_20cm,0.080808
swscape_native_pretrain_s1,1,44,bf_20cm,0.076274
swscape_native_pretrain_s1,1,45,bf_20cm,0.074483
swscape_native_pretrain_s1,1,46,bf_20cm,0.079544
swscape_native_pretrain_s1,1,47,bf_20cm,0.077783
swscape_native_pretrain_s1,1,48,bf_20cm,0.073615
swscape_native_pretrain_s1,1,49,bf_20cm,0.080567
swscape_native_pretrain_s1,1,50,bf_20cm,0.076816
swscape_native_pretrain_s1,1,51,bf_20cm,0.079838
swscape_native_pretrain_s1,1,52,bf_20cm,0.07267
swscape_native_pretrain_s1,1,53,bf_20cm,0.076869
swscape_native_pretrain_s1,1,54,bf_20cm,0.077934
swscape_native_pretrain_s1,1,55,bf_20cm,0.074999
swscape_native_pretrain_s1,1,56,bf_20cm,0.076872
swscape_native_pretrain_s1,1,57,bf_20cm,0.080529
swscape_native_pretrain_s1,1,58,bf_20cm,0.077478
swscape_native_pretrain_s1,1,59,bf_20cm,0.076371
swscape_native_pretrain_s1,1,60,bf_20cm,0.077717
swscape_native_pretrain_s1,1,61,bf_20cm,0.077239
swscape_native_pretrain_s1,1,62,bf_20cm,0.074099
swscape_native_pretrain_s1,1,63,bf_20cm,0.079907
swscape_native_pretrain_s1,1,64,bf_20cm,0.077391
swscape_native_pretrain_s1,1,65,bf_20cm,0.079401
swscape_native_pretrain_s1,1,66,bf_20cm,0.07803
swscape_native_pretrain_s1,1,67,bf_20cm,0.081369
swscape_native_pretrain_s1,1,68,bf_20cm,0.077174
swscape_native_pretrain_s1,1,69,bf_20cm,0.076807
swscape_native_pretrain_s1,1,70,bf_20cm,0.078167
swscape_native_pretrain_s1,1,71,bf_20cm,0.077708
swscape_native_pretrain_s1,1,72,bf_20cm,0.078746
swscape_native_pretrain_s1,1,73,bf_20cm,0.079295
swscape_native_pretrain_s1,1,74,bf_20cm,0.078274
swscape_native_pretrain_s1,1,75,bf_20cm,0.077019
swscape_native_pretrain_s1,1,76,bf_20cm,0.076282
swscape_native_pretrain_s1,1,77,bf_20cm,0.077501
swscape_native_pretrain_s1,1,78,bf_20cm,0.078627
swscape_native_pretrain_s1,1,79,bf_20cm,0.077327
swscape_native_pretrain_s1,1,80,bf_20cm,0.077828
swscape_native_pretrain_s1,1,81,bf_20cm,0.077409
swscape_native_pretrain_s1,1,82,bf_20cm,0.078041
swscape_native_pretrain_s1,1,83,bf_20cm,0.076949
swscape_native_pretrain_s1,1,84,bf_20cm,0.078185
swscape_native_pretrain_s1,1,85,bf_20cm,0.07766
swscape_native_pretrain_s1,1,86,bf_20cm,0.0777
swscape_native_pretrain_s1,1,87,bf_20cm,0.077755
swscape_native_pretrain_s1,1,88,bf_20cm,0.078049
swscape_native_pretrain_s1,1,89,bf_20cm,0.077995
swscape_native_pretrain_s1,1,90,bf_20cm,0.076964
swscape_native_pretrain_s1,1,91,bf_20cm,0.078126
swscape_native_pretrain_s1,1,92,bf_20cm,0.077299
swscape_native_pretrain_s1,1,93,bf_20cm,0.077609
swscape_native_pretrain_s1,1,94,bf_20cm,0.076981
swscape_native_pretrain_s1,1,95,bf_20cm,0.077041
swscape_native_pretrain_s1,1,96,bf_20cm,0.077707
swscape_native_pretrain_s1,1,97,bf_20cm,0.077483
swscape_native_pretrain_s1,1,98,bf_20cm,0.077299
swscape_native_pretrain_s1,1,99,bf_20cm,0.077746
swscape_native_pretrain_s1,1,100,bf_20cm,0.077513
swscape_native_pretrain_s1,1,1,bf_30cm,0.127819
swscape_native_pretrain_s1,1,2,bf_30cm,0.093924
swscape_native_pretrain_s1,1,3,bf_30cm,0.112579
swscape_native_pretrain_s1,1,4,bf_30cm,0.106694
swscape_native_pretrain_s1,1,5,bf_30cm,0.123814
swscape_native_pretrain_s1,1,6,bf_30cm,0.126828
swscape_native_pretrain_s1,1,7,bf_30cm,0.120321
swscape_native_pretrain_s1,1,8,bf_30cm,0.133292
swscape_native_pretrain_s1,1,9,bf_30cm,0.123582
swscape_native_pretrain_s1,1,10,bf_30cm,0.104454
swscape_native_pretrain_s1,1,11,bf_30cm,0.145047
swscape_native_pretrain_s1,1,12,bf_30cm,0.128958
swscape_native_pretrain_s1,1,13,bf_30cm,0.137655
swscape_native_pretrain_s1,1,14,bf_30cm,0.132105
swscape_native_pretrain_s1,1,15,bf_30cm,0.129565
swscape_native_pretrain_s1,1,16,bf_30cm,0.137894
swscape_native_pretrain_s1,1,17,bf_30cm,0.132086
swscape_native_pretrain_s1,1,18,bf_30cm,0.120522
swscape_native_pretrain_s1,1,19,bf_30cm,0.119517
swscape_native_pretrain_s1,1,20,bf_30cm,0.12364
swscape_native_pretrain_s1,1,21,bf_30cm,0.124743
swscape_native_pretrain_s1,1,22,bf_30cm,0.121641
swscape_native_pretrain_s1,1,23,bf_30cm,0.125703
swscape_native_pretrain_s1,1,24,bf_30cm,0.125102
swscape_native_pretrain_s1,1,25,bf_30cm,0.128967
swscape_native_pretrain_s1,1,26,bf_30cm,0.127021
swscape_native_pretrain_s1,1,27,bf_30cm,0.131011
swscape_native_pretrain_s1,1,28,bf_30cm,0.136315
swscape_native_pretrain_s1,1,29,bf_30cm,0.118601
swscape_native_pretrain_s1,1,30,bf_30cm,0.119681
swscape_native_pretrain_s1,1,31,bf_30cm,0.124659
swscape_native_pretrain_s1,1,32,bf_30cm,0.123
swscape_native_pretrain_s1,1,33,bf_30cm,0.125249
swscape_native_pretrain_s1,1,34,bf_30cm,0.125398
swscape_native_pretrain_s1,1,35,bf_30cm,0.120279
swscape_native_pretrain_s1,1,36,bf_30cm,0.12725
swscape_native_pretrain_s1,1,37,bf_30cm,0.121915
swscape_native_pretrain_s1,1,38,bf_30cm,0.118112
swscape_native_pretrain_s1,1,39,bf_30cm,0.127916
swscape_native_pretrain_s1,1,40,bf_30cm,0.131168
swscape_native_pretrain_s1,1,41,bf_30cm,0.128687
swscape_native_pretrain_s1,1,42,bf_30cm,0.123486
swscape_native_pretrain_s1,1,43,bf_30cm,0.129925
swscape_native_pretrain_s1,1,44,bf_30cm,0.123583
swscape_native_pretrain_s1,1,45,bf_30cm,0.121565
swscape_native_pretrain_s1,1,46,bf_30cm,0.128245
swscape_native_pretrain_s1,1,47,bf_30cm,0.125667
swscape_native_pretrain_s1,1,48,bf_30cm,0.120349
swscape_native_pretrain_s1,1,49,bf_30cm,0.129627
swscape_native_pretrain_s1,1,50,bf_30cm,0.12457
swscape_native_pretrain_s1,1,51,bf_30cm,0.128345
swscape_native_pretrain_s1,1,52,bf_30cm,0.118947
swscape_native_pretrain_s1,1,53,bf_30cm,0.124238
swscape_native_pretrain_s1,1,54,bf_30cm,0.126499
swscape_native_pretrain_s1,1,55,bf_30cm,0.122144
swscape_native_pretrain_s1,1,56,bf_30cm,0.124516
swscape_native_pretrain_s1,1,57,bf_30cm,0.12981
swscape_native_pretrain_s1,1,58,bf_30cm,0.125294
swscape_native_pretrain_s1,1,59,bf_30cm,0.124158
swscape_native_pretrain_s1,1,60,bf_30cm,0.125839
swscape_native_pretrain_s1,1,61,bf_30cm,0.125335
swscape_native_pretrain_s1,1,62,bf_30cm,0.121118
swscape_native_pretrain_s1,1,63,bf_30cm,0.128919
swscape_native_pretrain_s1,1,64,bf_30cm,0.12561
swscape_native_pretrain_s1,1,65,bf_30cm,0.128263
swscape_native_pretrain_s1,1,66,bf_30cm,0.126297
swscape_native_pretrain_s1,1,67,bf_30cm,0.13034
swscape_native_pretrain_s1,1,68,bf_30cm,0.125148
swscape_native_pretrain_s1,1,69,bf_30cm,0.124562
swscape_native_pretrain_s1,1,70,bf_30cm,0.126448
swscape_native_pretrain_s1,1,71,bf_30cm,0.125337
swscape_native_pretrain_s1,1,72,bf_30cm,0.12714
swscape_native_pretrain_s1,1,73,bf_30cm,0.127639
swscape_native_pretrain_s1,1,74,bf_30cm,0.126455
swscape_native_pretrain_s1,1,75,bf_30cm,0.124851
swscape_native_pretrain_s1,1,76,bf_30cm,0.123679
swscape_native_pretrain_s1,1,77,bf_30cm,0.125441
swscape_native_pretrain_s1,1,78,bf_30cm,0.126822
swscape_native_pretrain_s1,1,79,bf_30cm,0.125192
swscape_native_pretrain_s1,1,80,bf_30cm,0.126054
swscape_native_pretrain_s1,1,81,bf_30cm,0.125286
swscape_native_pretrain_s1,1,82,bf_30cm,0.126161
swscape_native_pretrain_s1,1,83,bf_30cm,0.124716
swscape_native_pretrain_s1,1,84,bf_30cm,0.126388
swscape_native_pretrain_s1,1,85,bf_30cm,0.125751
swscape_native_pretrain_s1,1,86,bf_30cm,0.125827
swscape_native_pretrain_s1,1,87,bf_30cm,0.125859
swscape_native_pretrain_s1,1,88,bf_30cm,0.126332
swscape_native_pretrain_s1,1,89,bf_30cm,0.126031
swscape_native_pretrain_s1,1,90,bf_30cm,0.124856
swscape_native_pretrain_s1,1,91,bf_30cm,0.12639
swscape_native_pretrain_s1,1,92,bf_30cm,0.125382
swscape_native_pretrain_s1,1,93,bf_30cm,0.125809
swscape_native_pretrain_s1,1,94,bf_30cm,0.125028
swscape_native_pretrain_s1,1,95,bf_30cm,0.124927
swscape_native_pretrain_s1,1,96,bf_30cm,0.12574
swscape_native_pretrain_s1,1,97,bf_30cm,0.125485
swscape_native_pretrain_s1,1,98,bf_30cm,0.125291
swscape_native_pretrain_s1,1,99,bf_30cm,0.125868
swscape_native_pretrain_s1,1,100,bf_30cm,0.125596
swscape_native_pretrain_s2,2,1,iou_free,0.793095
swscape_native_pretrain_s2,2,2,iou_free,0.817084
swscape_native_pretrain_s2,2,3,iou_free,0.831384
swscape_native_pretrain_s2,2,4,iou_free,0.826157
swscape_native_pretrain_s2,2,5,iou_free,0.842717
swscape_native_pretrain_s2,2,6,iou_free,0.843774
swscape_native_pretrain_s2,2,7,iou_free,0.858075
swscape_native_pretrain_s2,2,8,iou_free,0.860352
swscape_native_pretrain_s2,2,9,iou_free,0.856734
swscape_native_pretrain_s2,2,10,iou_free,0.862473
swscape_native_pretrain_s2,2,11,iou_free,0.863992
swscape_native_pretrain_s2,2,12,iou_free,0.870585
swscape_native_pretrain_s2,2,13,iou_free,0.86845
swscape_native_pretrain_s2,2,14,iou_free,0.870573
swscape_native_pretrain_s2,2,15,iou_free,0.869596
swscape_native_pretrain_s2,2,16,iou_free,0.871885
swscape_native_pretrain_s2,2,17,iou_free,0.869503
swscape_native_pretrain_s2,2,18,iou_free,0.867711
swscape_native_pretrain_s2,2,19,iou_free,0.867405
swscape_native_pretrain_s2,2,20,iou_free,0.869693
swscape_native_pretrain_s2,2,21,iou_free,0.865479
swscape_native_pretrain_s2,2,22,iou_free,0.866801
swscape_native_pretrain_s2,2,23,iou_free,0.865879
swscape_native_pretrain_s2,2,24,iou_free,0.872764
swscape_native_pretrain_s2,2,25,iou_free,0.869817
swscape_native_pretrain_s2,2,26,iou_free,0.872249
swscape_native_pretrain_s2,2,27,iou_free,0.868118
swscape_native_pretrain_s2,2,28,iou_free,0.869147
swscape_native_pretrain_s2,2,29,iou_free,0.870805
swscape_native_pretrain_s2,2,30,iou_free,0.870328
swscape_native_pretrain_s2,2,31,iou_free,0.870453
swscape_native_pretrain_s2,2,32,iou_free,0.871022
swscape_native_pretrain_s2,2,33,iou_free,0.872182
swscape_native_pretrain_s2,2,34,iou_free,0.871303
swscape_native_pretrain_s2,2,35,iou_free,0.87207
swscape_native_pretrain_s2,2,36,iou_free,0.870785
swscape_native_pretrain_s2,2,37,iou_free,0.869973
swscape_native_pretrain_s2,2,38,iou_free,0.872235
swscape_native_pretrain_s2,2,39,iou_free,0.871737
swscape_native_pretrain_s2,2,40,iou_free,0.87275
swscape_native_pretrain_s2,2,41,iou_free,0.872661
swscape_native_pretrain_s2,2,42,iou_free,0.868513
swscape_native_pretrain_s2,2,43,iou_free,0.870709
swscape_native_pretrain_s2,2,44,iou_free,0.871658
swscape_native_pretrain_s2,2,45,iou_free,0.871907
swscape_native_pretrain_s2,2,46,iou_free,0.873488
swscape_native_pretrain_s2,2,47,iou_free,0.871638
swscape_native_pretrain_s2,2,48,iou_free,0.873362
swscape_native_pretrain_s2,2,49,iou_free,0.871613
swscape_native_pretrain_s2,2,50,iou_free,0.870741
swscape_native_pretrain_s2,2,51,iou_free,0.87235
swscape_native_pretrain_s2,2,52,iou_free,0.871274
swscape_native_pretrain_s2,2,53,iou_free,0.87382
swscape_native_pretrain_s2,2,54,iou_free,0.871486
swscape_native_pretrain_s2,2,55,iou_free,0.872559
swscape_native_pretrain_s2,2,56,iou_free,0.872675
swscape_native_pretrain_s2,2,57,iou_free,0.871834
swscape_native_pretrain_s2,2,58,iou_free,0.872741
swscape_native_pretrain_s2,2,59,iou_free,0.872688
swscape_native_pretrain_s2,2,60,iou_free,0.87262
swscape_native_pretrain_s2,2,61,iou_free,0.8725
swscape_native_pretrain_s2,2,62,iou_free,0.873429
swscape_native_pretrain_s2,2,63,iou_free,0.874312
swscape_native_pretrain_s2,2,64,iou_free,0.873697
swscape_native_pretrain_s2,2,65,iou_free,0.87326
swscape_native_pretrain_s2,2,66,iou_free,0.873129
swscape_native_pretrain_s2,2,67,iou_free,0.873093
swscape_native_pretrain_s2,2,68,iou_free,0.873576
swscape_native_pretrain_s2,2,69,iou_free,0.872491
swscape_native_pretrain_s2,2,70,iou_free,0.872724
swscape_native_pretrain_s2,2,71,iou_free,0.872916
swscape_native_pretrain_s2,2,72,iou_free,0.873523
swscape_native_pretrain_s2,2,73,iou_free,0.873309
swscape_native_pretrain_s2,2,74,iou_free,0.872264
swscape_native_pretrain_s2,2,75,iou_free,0.872964
swscape_native_pretrain_s2,2,76,iou_free,0.872618
swscape_native_pretrain_s2,2,77,iou_free,0.872243
swscape_native_pretrain_s2,2,78,iou_free,0.873209
swscape_native_pretrain_s2,2,79,iou_free,0.872085
swscape_native_pretrain_s2,2,80,iou_free,0.872505
swscape_native_pretrain_s2,2,81,iou_free,0.872829
swscape_native_pretrain_s2,2,82,iou_free,0.872843
swscape_native_pretrain_s2,2,83,iou_free,0.872187
swscape_native_pretrain_s2,2,84,iou_free,0.872396
swscape_native_pretrain_s2,2,85,iou_free,0.872062
swscape_native_pretrain_s2,2,86,iou_free,0.872535
swscape_native_pretrain_s2,2,87,iou_free,0.872593
swscape_native_pretrain_s2,2,88,iou_free,0.87234
swscape_native_pretrain_s2,2,89,iou_free,0.872472
swscape_native_pretrain_s2,2,90,iou_free,0.871991
swscape_native_pretrain_s2,2,91,iou_free,0.872089
swscape_native_pretrain_s2,2,92,iou_free,0.871891
swscape_native_pretrain_s2,2,93,iou_free,0.872133
swscape_native_pretrain_s2,2,94,iou_free,0.872301
swscape_native_pretrain_s2,2,95,iou_free,0.871948
swscape_native_pretrain_s2,2,96,iou_free,0.872009
swscape_native_pretrain_s2,2,97,iou_free,0.872152
swscape_native_pretrain_s2,2,98,iou_free,0.872247
swscape_native_pretrain_s2,2,99,iou_free,0.872172
swscape_native_pretrain_s2,2,100,iou_free,0.872114
swscape_native_pretrain_s2,2,1,iou_non_free,0.784734
swscape_native_pretrain_s2,2,2,iou_non_free,0.813727
swscape_native_pretrain_s2,2,3,iou_non_free,0.825872
swscape_native_pretrain_s2,2,4,iou_non_free,0.829038
swscape_native_pretrain_s2,2,5,iou_non_free,0.845176
swscape_native_pretrain_s2,2,6,iou_non_free,0.849903
swscape_native_pretrain_s2,2,7,iou_non_free,0.860595
swscape_native_pretrain_s2,2,8,iou_non_free,0.861009
swscape_native_pretrain_s2,2,9,iou_non_free,0.862572
swscape_native_pretrain_s2,2,10,iou_non_free,0.866422
swscape_native_pretrain_s2,2,11,iou_non_free,0.86775
swscape_native_pretrain_s2,2,12,iou_non_free,0.873986
swscape_native_pretrain_s2,2,13,iou_non_free,0.873
swscape_native_pretrain_s2,2,14,iou_non_free,0.874813
swscape_native_pretrain_s2,2,15,iou_non_free,0.873969
swscape_native_pretrain_s2,2,16,iou_non_free,0.876798
swscape_native_pretrain_s2,2,17,iou_non_free,0.874869
swscape_native_pretrain_s2,2,18,iou_non_free,0.870794
swscape_native_pretrain_s2,2,19,iou_non_free,0.87323
swscape_native_pretrain_s2,2,20,iou_non_free,0.875927
swscape_native_pretrain_s2,2,21,iou_non_free,0.870988
swscape_native_pretrain_s2,2,22,iou_non_free,0.872723
swscape_native_pretrain_s2,2,23,iou_non_free,0.871362
swscape_native_pretrain_s2,2,24,iou_non_free,0.87758
swscape_native_pretrain_s2,2,25,iou_non_free,0.874519
swscape_native_pretrain_s2,2,26,iou_non_free,0.876391
swscape_native_pretrain_s2,2,27,iou_non_free,0.873619
swscape_native_pretrain_s2,2,28,iou_non_free,0.874864
swscape_native_pretrain_s2,2,29,iou_non_free,0.875676
swscape_native_pretrain_s2,2,30,iou_non_free,0.8753
swscape_native_pretrain_s2,2,31,iou_non_free,0.875507
swscape_native_pretrain_s2,2,32,iou_non_free,0.876212
swscape_native_pretrain_s2,2,33,iou_non_free,0.876038
swscape_native_pretrain_s2,2,34,iou_non_free,0.875225
swscape_native_pretrain_s2,2,35,iou_non_free,0.876927
swscape_native_pretrain_s2,2,36,iou_non_free,0.875082
swscape_native_pretrain_s2,2,37,iou_non_free,0.875556
swscape_native_pretrain_s2,2,38,iou_non_free,0.877623
swscape_native_pretrain_s2,2,39,iou_non_free,0.875661
swscape_native_pretrain_s2,2,40,iou_non_free,0.877811
swscape_native_pretrain_s2,2,41,iou_non_free,0.8774
swscape_native_pretrain_s2,2,42,iou_non_free,0.874226
swscape_native_pretrain_s2,2,43,iou_non_free,0.875404
swscape_native_pretrain_s2,2,44,iou_non_free,0.877013
swscape_native_pretrain_s2,2,45,iou_non_free,0.877496
swscape_native_pretrain_s2,2,46,iou_non_free,0.878586
swscape_native_pretrain_s2,2,47,iou_non_free,0.877544
swscape_native_pretrain_s2,2,48,iou_non_free,0.878184
swscape_native_pretrain_s2,2,49,iou_non_free,0.87705
swscape_native_pretrain_s2,2,50,iou_non_free,0.876674
swscape_native_pretrain_s2,2,51,iou_non_free,0.876792
swscape_native_pretrain_s2,2,52,iou_non_free,0.87652
swscape_native_pretrain_s2,2,53,iou_non_free,0.879478
swscape_native_pretrain_s2,2,54,iou_non_free,0.87705
swscape_native_pretrain_s2,2,55,iou_non_free,0.877954
swscape_native_pretrain_s2,2,56,iou_non_free,0.877517
swscape_native_pretrain_s2,2,57,iou_non_free,0.877445
swscape_native_pretrain_s2,2,58,iou_non_free,0.877952
swscape_native_pretrain_s2,2,59,iou_non_free,0.87837
swscape_native_pretrain_s2,2,60,iou_non_free,0.878006
swscape_native_pretrain_s2,2,61,iou_non_free,0.877503
swscape_native_pretrain_s2,2,62,iou_non_free,0.878771
swscape_native_pretrain_s2,2,63,iou_non_free,0.879653
swscape_native_pretrain_s2,2,64,iou_non_free,0.878808
swscape_native_pretrain_s2,2,65,iou_non_free,0.878261
swscape_native_pretrain_s2,2,66,iou_non_free,0.878325
swscape_native_pretrain_s2,2,67,iou_non_free,0.878343
swscape_native_pretrain_s2,2,68,iou_non_free,0.878838
swscape_native_pretrain_s2,2,69,iou_non_free,0.877322
swscape_native_pretrain_s2,2,70,iou_non_free,0.877608
swscape_native_pretrain_s2,2,71,iou_non_free,0.878081
swscape_native_pretrain_s2,2,72,iou_non_free,0.878748
swscape_native_pretrain_s2,2,73,iou_non_free,0.878195
swscape_native_pretrain_s2,2,74,iou_non_free,0.877811
swscape_native_pretrain_s2,2,75,iou_non_free,0.87842
swscape_native_pretrain_s2,2,76,iou_non_free,0.87782
swscape_native_pretrain_s2,2,77,iou_non_free,0.877622
swscape_native_pretrain_s2,2,78,iou_non_free,0.878616
swscape_native_pretrain_s2,2,79,iou_non_free,0.877378
swscape_native_pretrain_s2,2,80,iou_non_free,0.877712
swscape_native_pretrain_s2,2,81,iou_non_free,0.87772
swscape_native_pretrain_s2,2,82,iou_non_free,0.877993
swscape_native_pretrain_s2,2,83,iou_non_free,0.87753
swscape_native_pretrain_s2,2,84,iou_non_free,0.877815
swscape_native_pretrain_s2,2,85,iou_non_free,0.87747
swscape_native_pretrain_s2,2,86,iou_non_free,0.877713
swscape_native_pretrain_s2,2,87,iou_non_free,0.877655
swscape_native_pretrain_s2,2,88,iou_non_free,0.877564
swscape_native_pretrain_s2,2,89,iou_non_free,0.877657
swscape_native_pretrain_s2,2,90,iou_non_free,0.877186
swscape_native_pretrain_s2,2,91,iou_non_free,0.877363
swscape_native_pretrain_s2,2,92,iou_non_free,0.877095
swscape_native_pretrain_s2,2,93,iou_non_free,0.877312
swscape_native_pretrain_s2,2,94,iou_non_free,0.87742
swscape_native_pretrain_s2,2,95,iou_non_free,0.877147
swscape_native_pretrain_s2,2,96,iou_non_free,0.87718
swscape_native_pretrain_s2,2,97,iou_non_free,0.877394
swscape_native_pretrain_s2,2,98,iou_non_free,0.877441
swscape_native_pretrain_s2,2,99,iou_non_free,0.877374
swscape_native_pretrain_s2,2,100,iou_non_free,0.877328
swscape_native_pretrain_s2,2,1,precision,0.855655
swscape_native_pretrain_s2,2,2,precision,0.873217
swscape_native_pretrain_s2,2,3,precision,0.870758
swscape_native_pretrain_s2,2,4,precision,0.901042
swscape_native_pretrain_s2,2,5,precision,0.896096
swscape_native_pretrain_s2,2,6,precision,0.909519
swscape_native_pretrain_s2,2,7,precision,0.897906
swscape_native_pretrain_s2,2,8,precision,0.891282
swscape_native_pretrain_s2,2,9,precision,0.916734
swscape_native_pretrain_s2,2,10,precision,0.905722
swscape_native_pretrain_s2,2,11,precision,0.905977
swscape_native_pretrain_s2,2,12,precision,0.903464
swscape_native_pretrain_s2,2,13,precision,0.904848
swscape_native_pretrain_s2,2,14,precision,0.906485
swscape_native_pretrain_s2,2,15,precision,0.907379
swscape_native_pretrain_s2,2,16,precision,0.908266
swscape_native_pretrain_s2,2,17,precision,0.909354
swscape_native_pretrain_s2,2,18,precision,0.899672
swscape_native_pretrain_s2,2,19,precision,0.909992
swscape_native_pretrain_s2,2,20,precision,0.911651
swscape_native_pretrain_s2,2,21,precision,0.906742
swscape_native_pretrain_s2,2,22,precision,0.910649
swscape_native_pretrain_s2,2,23,precision,0.911104
swscape_native_pretrain_s2,2,24,precision,0.903771
swscape_native_pretrain_s2,2,25,precision,0.905863
swscape_native_pretrain_s2,2,26,precision,0.902205
swscape_native_pretrain_s2,2,27,precision,0.91182
swscape_native_pretrain_s2,2,28,precision,0.91109
swscape_native_pretrain_s2,2,29,precision,0.907337
swscape_native_pretrain_s2,2,30,precision,0.906268
swscape_native_pretrain_s2,2,31,precision,0.907369
swscape_native_pretrain_s2,2,32,precision,0.905508
swscape_native_pretrain_s2,2,33,precision,0.900935
swscape_native_pretrain_s2,2,34,precision,0.901381
swscape_native_pretrain_s2,2,35,precision,0.905595
swscape_native_pretrain_s2,2,36,precision,0.903868
swscape_native_pretrain_s2,2,37,precision,0.906873
swscape_native_pretrain_s2,2,38,precision,0.905926
swscape_native_pretrain_s2,2,39,precision,0.900596
swscape_native_pretrain_s2,2,40,precision,0.903807
swscape_native_pretrain_s2,2,41,precision,0.902397
swscape_native_pretrain_s2,2,42,precision,0.909132
swscape_native_pretrain_s2,2,43,precision,0.904746
swscape_native_pretrain_s2,2,44,precision,0.905396
swscape_native_pretrain_s2,2,45,precision,0.906453
swscape_native_pretrain_s2,2,46,precision,0.904112
swscape_native_pretrain_s2,2,47,precision,0.910399
swscape_native_pretrain_s2,2,48,precision,0.903484
swscape_native_pretrain_s2,2,49,precision,0.907777
swscape_native_pretrain_s2,2,50,precision,0.909003
swscape_native_pretrain_s2,2,51,precision,0.901801
swscape_native_pretrain_s2,2,52,precision,0.906791
swscape_native_pretrain_s2,2,53,precision,0.91001
swscape_native_pretrain_s2,2,54,precision,0.907751
swscape_native_pretrain_s2,2,55,precision,0.907079
swscape_native_pretrain_s2,2,56,precision,0.903361
swscape_native_pretrain_s2,2,57,precision,0.906316
swscape_native_pretrain_s2,2,58,precision,0.906615
swscape_native_pretrain_s2,2,59,precision,0.907645
swscape_native_pretrain_s2,2,60,precision,0.907586
swscape_native_pretrain_s2,2,61,precision,0.904728
swscape_native_pretrain_s2,2,62,precision,0.905576
swscape_native_pretrain_s2,2,63,precision,0.906882
swscape_native_pretrain_s2,2,64,precision,0.906108
swscape_native_pretrain_s2,2,65,precision,0.904914
swscape_native_pretrain_s2,2,66,precision,0.90542
swscape_native_pretrain_s2,2,67,precision,0.906766
swscape_native_pretrain_s2,2,68,precision,0.906775
swscape_native_pretrain_s2,2,69,precision,0.904791
swscape_native_pretrain_s2,2,70,precision,0.903835
swscape_native_pretrain_s2,2,71,precision,0.906816
swscape_native_pretrain_s2,2,72,precision,0.905103
swscape_native_pretrain_s2,2,73,precision,0.903831
swscape_native_pretrain_s2,2,74,precision,0.907427
swscape_native_pretrain_s2,2,75,precision,0.906052
swscape_native_pretrain_s2,2,76,precision,0.905292
swscape_native_pretrain_s2,2,77,precision,0.906339
swscape_native_pretrain_s2,2,78,precision,0.905887
swscape_native_pretrain_s2,2,79,precision,0.905818
swscape_native_pretrain_s2,2,80,precision,0.904702
swscape_native_pretrain_s2,2,81,precision,0.904244
swscape_native_pretrain_s2,2,82,precision,0.90429
swscape_native_pretrain_s2,2,83,precision,0.90612
swscape_native_pretrain_s2,2,84,precision,0.906647
swscape_native_pretrain_s2,2,85,precision,0.905933
swscape_native_pretrain_s2,2,86,precision,0.905689
swscape_native_pretrain_s2,2,87,precision,0.904705
swscape_native_pretrain_s2,2,88,precision,0.90537
swscape_native_pretrain_s2,2,89,precision,0.9056
swscape_native_pretrain_s2,2,90,precision,0.905184
swscape_native_pretrain_s2,2,91,precision,0.905707
swscape_native_pretrain_s2,2,92,precision,0.905692
swscape_native_pretrain_s2,2,93,precision,0.905403
swscape_native_pretrain_s2,2,94,precision,0.905158
swscape_native_pretrain_s2,2,95,precision,0.905682
swscape_native_pretrain_s2,2,96,precision,0.905218
swscape_native_pretrain_s2,2,97,precision,0.905376
swscape_native_pretrain_s2,2,98,precision,0.905315
swscape_native_pretrain_s2,2,99,precision,0.905285
swscape_native_pretrain_s2,2,100,precision,0.905354
swscape_native_pretrain_s2,2,1,recall,0.920848
swscape_native_pretrain_s2,2,2,recall,0.930152
swscape_native_pretrain_s2,2,3,recall,0.950653
swscape_native_pretrain_s2,2,4,recall,0.912356
swscape_native_pretrain_s2,2,5,recall,0.935632
swscape_native_pretrain_s2,2,6,recall,0.921916
swscape_native_pretrain_s2,2,7,recall,0.951401
swscape_native_pretrain_s2,2,8,recall,0.961955
swscape_native_pretrain_s2,2,9,recall,0.929414
swscape_native_pretrain_s2,2,10,recall,0.948403
swscape_native_pretrain_s2,2,11,recall,0.949823
swscape_native_pretrain_s2,2,12,recall,0.960291
swscape_native_pretrain_s2,2,13,recall,0.956382
swscape_native_pretrain_s2,2,14,recall,0.956823
swscape_native_pretrain_s2,2,15,recall,0.954704
swscape_native_pretrain_s2,2,16,recall,0.956496
swscape_native_pretrain_s2,2,17,recall,0.952276
swscape_native_pretrain_s2,2,18,recall,0.960976
swscape_native_pretrain_s2,2,19,recall,0.949223
swscape_native_pretrain_s2,2,20,recall,0.94983
swscape_native_pretrain_s2,2,21,recall,0.950771
swscape_native_pretrain_s2,2,22,recall,0.947697
swscape_native_pretrain_s2,2,23,recall,0.94655
swscape_native_pretrain_s2,2,24,recall,0.961786
swscape_native_pretrain_s2,2,25,recall,0.956545
swscape_native_pretrain_s2,2,26,recall,0.963579
swscape_native_pretrain_s2,2,27,recall,0.948392
swscape_native_pretrain_s2,2,28,recall,0.950215
swscape_native_pretrain_s2,2,29,recall,0.956143
swscape_native_pretrain_s2,2,30,recall,0.956624
swscape_native_pretrain_s2,2,31,recall,0.955684
swscape_native_pretrain_s2,2,32,recall,0.958139
swscape_native_pretrain_s2,2,33,recall,0.964651
swscape_native_pretrain_s2,2,34,recall,0.963005
swscape_native_pretrain_s2,2,35,recall,0.959214
swscape_native_pretrain_s2,2,36,recall,0.959688
swscape_native_pretrain_s2,2,37,recall,0.955581
swscape_native_pretrain_s2,2,38,recall,0.958982
swscape_native_pretrain_s2,2,39,recall,0.96454
swscape_native_pretrain_s2,2,40,recall,0.961808
swscape_native_pretrain_s2,2,41,recall,0.963412
swscape_native_pretrain_s2,2,42,recall,0.951248
swscape_native_pretrain_s2,2,43,recall,0.958541
swscape_native_pretrain_s2,2,44,recall,0.95879
swscape_native_pretrain_s2,2,45,recall,0.957952
swscape_native_pretrain_s2,2,46,recall,0.962431
swscape_native_pretrain_s2,2,47,recall,0.95351
swscape_native_pretrain_s2,2,48,recall,0.9633
swscape_native_pretrain_s2,2,49,recall,0.956477
swscape_native_pretrain_s2,2,50,recall,0.954019
swscape_native_pretrain_s2,2,51,recall,0.963937
swscape_native_pretrain_s2,2,52,recall,0.957173
swscape_native_pretrain_s2,2,53,recall,0.956575
swscape_native_pretrain_s2,2,54,recall,0.956424
swscape_native_pretrain_s2,2,55,recall,0.958269
swscape_native_pretrain_s2,2,56,recall,0.962491
swscape_native_pretrain_s2,2,57,recall,0.958298
swscape_native_pretrain_s2,2,58,recall,0.958876
swscape_native_pretrain_s2,2,59,recall,0.957816
swscape_native_pretrain_s2,2,60,recall,0.957735
swscape_native_pretrain_s2,2,61,recall,0.960837
swscape_native_pretrain_s2,2,62,recall,0.960879
swscape_native_pretrain_s2,2,63,recall,0.96052
swscape_native_pretrain_s2,2,64,recall,0.960595
swscape_native_pretrain_s2,2,65,recall,0.961499
swscape_native_pretrain_s2,2,66,recall,0.960756
swscape_native_pretrain_s2,2,67,recall,0.959456
swscape_native_pretrain_s2,2,68,recall,0.959931
swscape_native_pretrain_s2,2,69,recall,0.960836
swscape_native_pretrain_s2,2,70,recall,0.962113
swscape_native_pretrain_s2,2,71,recall,0.95911
swscape_native_pretrain_s2,2,72,recall,0.961511
swscape_native_pretrain_s2,2,73,recall,0.962685
swscape_native_pretrain_s2,2,74,recall,0.957617
swscape_native_pretrain_s2,2,75,recall,0.959664
swscape_native_pretrain_s2,2,76,recall,0.960273
swscape_native_pretrain_s2,2,77,recall,0.958715
swscape_native_pretrain_s2,2,78,recall,0.960274
swscape_native_pretrain_s2,2,79,recall,0.959062
swscape_native_pretrain_s2,2,80,recall,0.960741
swscape_native_pretrain_s2,2,81,recall,0.961666
swscape_native_pretrain_s2,2,82,recall,0.961525
swscape_native_pretrain_s2,2,83,recall,0.958845
swscape_native_pretrain_s2,2,84,recall,0.958514
swscape_native_pretrain_s2,2,85,recall,0.958893
swscape_native_pretrain_s2,2,86,recall,0.959732
swscape_native_pretrain_s2,2,87,recall,0.960845
swscape_native_pretrain_s2,2,88,recall,0.959812
swscape_native_pretrain_s2,2,89,recall,0.959779
swscape_native_pretrain_s2,2,90,recall,0.959631
swscape_native_pretrain_s2,2,91,recall,0.959186
swscape_native_pretrain_s2,2,92,recall,0.958954
swscape_native_pretrain_s2,2,93,recall,0.959577
swscape_native_pretrain_s2,2,94,recall,0.960036
swscape_native_pretrain_s2,2,95,recall,0.959054
swscape_native_pretrain_s2,2,96,recall,0.959587
swscape_native_pretrain_s2,2,97,recall,0.959553
swscape_native_pretrain_s2,2,98,recall,0.959771
swscape_native_pretrain_s2,2,99,recall,0.959703
swscape_native_pretrain_s2,2,100,recall,0.959568
swscape_native_pretrain_s2,2,1,bf_10cm,0.019499
swscape_native_pretrain_s2,2,2,bf_10cm,0.023159
swscape_native_pretrain_s2,2,3,bf_10cm,0.022196
swscape_native_pretrain_s2,2,4,bf_10cm,0.021592
swscape_native_pretrain_s2,2,5,bf_10cm,0.021368
swscape_native_pretrain_s2,2,6,bf_10cm,0.022189
swscape_native_pretrain_s2,2,7,bf_10cm,0.026598
swscape_native_pretrain_s2,2,8,bf_10cm,0.029105
swscape_native_pretrain_s2,2,9,bf_10cm,0.021769
swscape_native_pretrain_s2,2,10,bf_10cm,0.02631
swscape_native_pretrain_s2,2,11,bf_10cm,0.02797
swscape_native_pretrain_s2,2,12,bf_10cm,0.026553
swscape_native_pretrain_s2,2,13,bf_10cm,0.027643
swscape_native_pretrain_s2,2,14,bf_10cm,0.024309
swscape_native_pretrain_s2,2,15,bf_10cm,0.025287
swscape_native_pretrain_s2,2,16,bf_10cm,0.028164
swscape_native_pretrain_s2,2,17,bf_10cm,0.025452
swscape_native_pretrain_s2,2,18,bf_10cm,0.029411
swscape_native_pretrain_s2,2,19,bf_10cm,0.027318
swscape_native_pretrain_s2,2,20,bf_10cm,0.023959
swscape_native_pretrain_s2,2,21,bf_10cm,0.02316
swscape_native_pretrain_s2,2,22,bf_10cm,0.021794
swscape_native_pretrain_s2,2,23,bf_10cm,0.026768
swscape_native_pretrain_s2,2,24,bf_10cm,0.028813
swscape_native_pretrain_s2,2,25,bf_10cm,0.028191
swscape_native_pretrain_s2,2,26,bf_10cm,0.026494
swscape_native_pretrain_s2,2,27,bf_10cm,0.023916
swscape_native_pretrain_s2,2,28,bf_10cm,0.024165
swscape_native_pretrain_s2,2,29,bf_10cm,0.026798
swscape_native_pretrain_s2,2,30,bf_10cm,0.026447
swscape_native_pretrain_s2,2,31,bf_10cm,0.026755
swscape_native_pretrain_s2,2,32,bf_10cm,0.025251
swscape_native_pretrain_s2,2,33,bf_10cm,0.028516
swscape_native_pretrain_s2,2,34,bf_10cm,0.029425
swscape_native_pretrain_s2,2,35,bf_10cm,0.028774
swscape_native_pretrain_s2,2,36,bf_10cm,0.027591
swscape_native_pretrain_s2,2,37,bf_10cm,0.02467
swscape_native_pretrain_s2,2,38,bf_10cm,0.025073
swscape_native_pretrain_s2,2,39,bf_10cm,0.029953
swscape_native_pretrain_s2,2,40,bf_10cm,0.028226
swscape_native_pretrain_s2,2,41,bf_10cm,0.028693
swscape_native_pretrain_s2,2,42,bf_10cm,0.024481
swscape_native_pretrain_s2,2,43,bf_10cm,0.028611
swscape_native_pretrain_s2,2,44,bf_10cm,0.027398
swscape_native_pretrain_s2,2,45,bf_10cm,0.027468
swscape_native_pretrain_s2,2,46,bf_10cm,0.028279
swscape_native_pretrain_s2,2,47,bf_10cm,0.025043
swscape_native_pretrain_s2,2,48,bf_10cm,0.027748
swscape_native_pretrain_s2,2,49,bf_10cm,0.026117
swscape_native_pretrain_s2,2,50,bf_10cm,0.024748
swscape_native_pretrain_s2,2,51,bf_10cm,0.028686
swscape_native_pretrain_s2,2,52,bf_10cm,0.026232
swscape_native_pretrain_s2,2,53,bf_10cm,0.026676
swscape_native_pretrain_s2,2,54,bf_10cm,0.02492
swscape_native_pretrain_s2,2,55,bf_10cm,0.025867
swscape_native_pretrain_s2,2,56,bf_10cm,0.028528
swscape_native_pretrain_s2,2,57,bf_10cm,0.02576
swscape_native_pretrain_s2,2,58,bf_10cm,0.027621
swscape_native_pretrain_s2,2,59,bf_10cm,0.025648
swscape_native_pretrain_s2,2,60,bf_10cm,0.026608
swscape_native_pretrain_s2,2,61,bf_10cm,0.028524
swscape_native_pretrain_s2,2,62,bf_10cm,0.026958
swscape_native_pretrain_s2,2,63,bf_10cm,0.026383
swscape_native_pretrain_s2,2,64,bf_10cm,0.027454
swscape_native_pretrain_s2,2,65,bf_10cm,0.028228
swscape_native_pretrain_s2,2,66,bf_10cm,0.027616
swscape_native_pretrain_s2,2,67,bf_10cm,0.027033
swscape_native_pretrain_s2,2,68,bf_10cm,0.026661
swscape_native_pretrain_s2,2,69,bf_10cm,0.028009
swscape_native_pretrain_s2,2,70,bf_10cm,0.028065
swscape_native_pretrain_s2,2,71,bf_10cm,0.026746
swscape_native_pretrain_s2,2,72,bf_10cm,0.02734
swscape_native_pretrain_s2,2,73,bf_10cm,0.028462
swscape_native_pretrain_s2,2,74,bf_10cm,0.026963
swscape_native_pretrain_s2,2,75,bf_10cm,0.02692
swscape_native_pretrain_s2,2,76,bf_10cm,0.027077
swscape_native_pretrain_s2,2,77,bf_10cm,0.027228
swscape_native_pretrain_s2,2,78,bf_10cm,0.026926
swscape_native_pretrain_s2,2,79,bf_10cm,0.027239
swscape_native_pretrain_s2,2,80,bf_10cm,0.027105
swscape_native_pretrain_s2,2,81,bf_10cm,0.027303
swscape_native_pretrain_s2,2,82,bf_10cm,0.027505
swscape_native_pretrain_s2,2,83,bf_10cm,0.02691
swscape_native_pretrain_s2,2,84,bf_10cm,0.026858
swscape_native_pretrain_s2,2,85,bf_10cm,0.026745
swscape_native_pretrain_s2,2,86,bf_10cm,0.026915
swscape_native_pretrain_s2,2,87,bf_10cm,0.027629
swscape_native_pretrain_s2,2,88,bf_10cm,0.027109
swscape_native_pretrain_s2,2,89,bf_10cm,0.027337
swscape_native_pretrain_s2,2,90,bf_10cm,0.027276
swscape_native_pretrain_s2,2,91,bf_10cm,0.02691
swscape_native_pretrain_s2,2,92,bf_10cm,0.027012
swscape_native_pretrain_s2,2,93,bf_10cm,0.026955
swscape_native_pretrain_s2,2,94,bf_10cm,0.027288
swscape_native_pretrain_s2,2,95,bf_10cm,0.02706
swscape_native_pretrain_s2,2,96,bf_10cm,0.027375
swscape_native_pretrain_s2,2,97,bf_10cm,0.027219
swscape_native_pretrain_s2,2,98,bf_10cm,0.027152
swscape_native_pretrain_s2,2,99,bf_10cm,0.027203
swscape_native_pretrain_s2,2,100,bf_10cm,0.027194
swscape_native_pretrain_s2,2,1,bf_20cm,0.063171
swscape_native_pretrain_s2,2,2,bf_20cm,0.07092
swscape_native_pretrain_s2,2,3,bf_20cm,0.069645
swscape_native_pretrain_s2,2,4,bf_20cm,0.065835
swscape_native_pretrain_s2,2,5,bf_20cm,0.066612
swscape_native_pretrain_s2,2,6,bf_20cm,0.06876
swscape_native_pretrain_s2,2,7,bf_20cm,0.079735
swscape_native_pretrain_s2,2,8,bf_20cm,0.08595
swscape_native_pretrain_s2,2,9,bf_20cm,0.065378
swscape_native_pretrain_s2,2,10,bf_20cm,0.076643
swscape_native_pretrain_s2,2,11,bf_20cm,0.080819
swscape_native_pretrain_s2,2,12,bf_20cm,0.077665
swscape_native_pretrain_s2,2,13,bf_20cm,0.079618
swscape_native_pretrain_s2,2,14,bf_20cm,0.07322
swscape_native_pretrain_s2,2,15,bf_20cm,0.07387
swscape_native_pretrain_s2,2,16,bf_20cm,0.081095
swscape_native_pretrain_s2,2,17,bf_20cm,0.074011
swscape_native_pretrain_s2,2,18,bf_20cm,0.084473
swscape_native_pretrain_s2,2,19,bf_20cm,0.077654
swscape_native_pretrain_s2,2,20,bf_20cm,0.07064
swscape_native_pretrain_s2,2,21,bf_20cm,0.068723
swscape_native_pretrain_s2,2,22,bf_20cm,0.065663
swscape_native_pretrain_s2,2,23,bf_20cm,0.075835
swscape_native_pretrain_s2,2,24,bf_20cm,0.082574
swscape_native_pretrain_s2,2,25,bf_20cm,0.080645
swscape_native_pretrain_s2,2,26,bf_20cm,0.077004
swscape_native_pretrain_s2,2,27,bf_20cm,0.069829
swscape_native_pretrain_s2,2,28,bf_20cm,0.069516
swscape_native_pretrain_s2,2,29,bf_20cm,0.076302
swscape_native_pretrain_s2,2,30,bf_20cm,0.076322
swscape_native_pretrain_s2,2,31,bf_20cm,0.076155
swscape_native_pretrain_s2,2,32,bf_20cm,0.072976
swscape_native_pretrain_s2,2,33,bf_20cm,0.081366
swscape_native_pretrain_s2,2,34,bf_20cm,0.083959
swscape_native_pretrain_s2,2,35,bf_20cm,0.081694
swscape_native_pretrain_s2,2,36,bf_20cm,0.078499
swscape_native_pretrain_s2,2,37,bf_20cm,0.07179
swscape_native_pretrain_s2,2,38,bf_20cm,0.072901
swscape_native_pretrain_s2,2,39,bf_20cm,0.084746
swscape_native_pretrain_s2,2,40,bf_20cm,0.080104
swscape_native_pretrain_s2,2,41,bf_20cm,0.081021
swscape_native_pretrain_s2,2,42,bf_20cm,0.070189
swscape_native_pretrain_s2,2,43,bf_20cm,0.080875
swscape_native_pretrain_s2,2,44,bf_20cm,0.078227
swscape_native_pretrain_s2,2,45,bf_20cm,0.077732
swscape_native_pretrain_s2,2,46,bf_20cm,0.079943
swscape_native_pretrain_s2,2,47,bf_20cm,0.072013
swscape_native_pretrain_s2,2,48,bf_20cm,0.078573
swscape_native_pretrain_s2,2,49,bf_20cm,0.074689
swscape_native_pretrain_s2,2,50,bf_20cm,0.071469
swscape_native_pretrain_s2,2,51,bf_20cm,0.08119
swscape_native_pretrain_s2,2,52,bf_20cm,0.075059
swscape_native_pretrain_s2,2,53,bf_20cm,0.075473
swscape_native_pretrain_s2,2,54,bf_20cm,0.071872
swscape_native_pretrain_s2,2,55,bf_20cm,0.074271
swscape_native_pretrain_s2,2,56,bf_20cm,0.080372
swscape_native_pretrain_s2,2,57,bf_20cm,0.073485
swscape_native_pretrain_s2,2,58,bf_20cm,0.078279
swscape_native_pretrain_s2,2,59,bf_20cm,0.073367
swscape_native_pretrain_s2,2,60,bf_20cm,0.076127
swscape_native_pretrain_s2,2,61,bf_20cm,0.080437
swscape_native_pretrain_s2,2,62,bf_20cm,0.076741
swscape_native_pretrain_s2,2,63,bf_20cm,0.074928
swscape_native_pretrain_s2,2,64,bf_20cm,0.078219
swscape_native_pretrain_s2,2,65,bf_20cm,0.079678
swscape_native_pretrain_s2,2,66,bf_20cm,0.078213
swscape_native_pretrain_s2,2,67,bf_20cm,0.076485
swscape_native_pretrain_s2,2,68,bf_20cm,0.076123
swscape_native_pretrain_s2,2,69,bf_20cm,0.079059
swscape_native_pretrain_s2,2,70,bf_20cm,0.079108
swscape_native_pretrain_s2,2,71,bf_20cm,0.076147
swscape_native_pretrain_s2,2,72,bf_20cm,0.077705
swscape_native_pretrain_s2,2,73,bf_20cm,0.080138
swscape_native_pretrain_s2,2,74,bf_20cm,0.076109
swscape_native_pretrain_s2,2,75,bf_20cm,0.076339
swscape_native_pretrain_s2,2,76,bf_20cm,0.076465
swscape_native_pretrain_s2,2,77,bf_20cm,0.07708
swscape_native_pretrain_s2,2,78,bf_20cm,0.076414
swscape_native_pretrain_s2,2,79,bf_20cm,0.077061
swscape_native_pretrain_s2,2,80,bf_20cm,0.076802
swscape_native_pretrain_s2,2,81,bf_20cm,0.077477
swscape_native_pretrain_s2,2,82,bf_20cm,0.077811
swscape_native_pretrain_s2,2,83,bf_20cm,0.076254
swscape_native_pretrain_s2,2,84,bf_20cm,0.076077
swscape_native_pretrain_s2,2,85,bf_20cm,0.075611
swscape_native_pretrain_s2,2,86,bf_20cm,0.076333
swscape_native_pretrain_s2,2,87,bf_20cm,0.07799
swscape_native_pretrain_s2,2,88,bf_20cm,0.076782
swscape_native_pretrain_s2,2,89,bf_20cm,0.077221
swscape_native_pretrain_s2,2,90,bf_20cm,0.0771
swscape_native_pretrain_s2,2,91,bf_20cm,0.076299
swscape_native_pretrain_s2,2,92,bf_20cm,0.076698
swscape_native_pretrain_s2,2,93,bf_20cm,0.076381
swscape_native_pretrain_s2,2,94,bf_20cm,0.077228
swscape_native_pretrain_s2,2,95,bf_20cm,0.076494
swscape_native_pretrain_s2,2,96,bf_20cm,0.077369
swscape_native_pretrain_s2,2,97,bf_20cm,0.07708
swscape_native_pretrain_s2,2,98,bf_20cm,0.077057
swscape_native_pretrain_s2,2,99,bf_20cm,0.077067
swscape_native_pretrain_s2,2,100,bf_20cm,0.077062
swscape_native_pretrain_s2,2,1,bf_30cm,0.109179
swscape_native_pretrain_s2,2,2,bf_30cm,0.118045
swscape_native_pretrain_s2,2,3,bf_30cm,0.118706
swscape_native_pretrain_s2,2,4,bf_30cm,0.111202
swscape_native_pretrain_s2,2,5,bf_30cm,0.114026
swscape_native_pretrain_s2,2,6,bf_30cm,0.115856
swscape_native_pretrain_s2,2,7,bf_30cm,0.130526
swscape_native_pretrain_s2,2,8,bf_30cm,0.140043
swscape_native_pretrain_s2,2,9,bf_30cm,0.109673
swscape_native_pretrain_s2,2,10,bf_30cm,0.12496
swscape_native_pretrain_s2,2,11,bf_30cm,0.130956
swscape_native_pretrain_s2,2,12,bf_30cm,0.126239
swscape_native_pretrain_s2,2,13,bf_30cm,0.12897
swscape_native_pretrain_s2,2,14,bf_30cm,0.12178
swscape_native_pretrain_s2,2,15,bf_30cm,0.121125
swscape_native_pretrain_s2,2,16,bf_30cm,0.130485
swscape_native_pretrain_s2,2,17,bf_30cm,0.121359
swscape_native_pretrain_s2,2,18,bf_30cm,0.135975
swscape_native_pretrain_s2,2,19,bf_30cm,0.124654
swscape_native_pretrain_s2,2,20,bf_30cm,0.116773
swscape_native_pretrain_s2,2,21,bf_30cm,0.114392
swscape_native_pretrain_s2,2,22,bf_30cm,0.110577
swscape_native_pretrain_s2,2,23,bf_30cm,0.122476
swscape_native_pretrain_s2,2,24,bf_30cm,0.132637
swscape_native_pretrain_s2,2,25,bf_30cm,0.129665
swscape_native_pretrain_s2,2,26,bf_30cm,0.126063
swscape_native_pretrain_s2,2,27,bf_30cm,0.115971
swscape_native_pretrain_s2,2,28,bf_30cm,0.114478
swscape_native_pretrain_s2,2,29,bf_30cm,0.123833
swscape_native_pretrain_s2,2,30,bf_30cm,0.124279
swscape_native_pretrain_s2,2,31,bf_30cm,0.12333
swscape_native_pretrain_s2,2,32,bf_30cm,0.119752
swscape_native_pretrain_s2,2,33,bf_30cm,0.131345
swscape_native_pretrain_s2,2,34,bf_30cm,0.134513
swscape_native_pretrain_s2,2,35,bf_30cm,0.131338
swscape_native_pretrain_s2,2,36,bf_30cm,0.126907
swscape_native_pretrain_s2,2,37,bf_30cm,0.118281
swscape_native_pretrain_s2,2,38,bf_30cm,0.120076
swscape_native_pretrain_s2,2,39,bf_30cm,0.135032
swscape_native_pretrain_s2,2,40,bf_30cm,0.128656
swscape_native_pretrain_s2,2,41,bf_30cm,0.129808
swscape_native_pretrain_s2,2,42,bf_30cm,0.115187
swscape_native_pretrain_s2,2,43,bf_30cm,0.129516
swscape_native_pretrain_s2,2,44,bf_30cm,0.12623
swscape_native_pretrain_s2,2,45,bf_30cm,0.125346
swscape_native_pretrain_s2,2,46,bf_30cm,0.128415
swscape_native_pretrain_s2,2,47,bf_30cm,0.117639
swscape_native_pretrain_s2,2,48,bf_30cm,0.126504
swscape_native_pretrain_s2,2,49,bf_30cm,0.121664
swscape_native_pretrain_s2,2,50,bf_30cm,0.117396
swscape_native_pretrain_s2,2,51,bf_30cm,0.130188
swscape_native_pretrain_s2,2,52,bf_30cm,0.122303
swscape_native_pretrain_s2,2,53,bf_30cm,0.12219
swscape_native_pretrain_s2,2,54,bf_30cm,0.117935
swscape_native_pretrain_s2,2,55,bf_30cm,0.121325
swscape_native_pretrain_s2,2,56,bf_30cm,0.128914
swscape_native_pretrain_s2,2,57,bf_30cm,0.119937
swscape_native_pretrain_s2,2,58,bf_30cm,0.126042
swscape_native_pretrain_s2,2,59,bf_30cm,0.119913
swscape_native_pretrain_s2,2,60,bf_30cm,0.123629
swscape_native_pretrain_s2,2,61,bf_30cm,0.128808
swscape_native_pretrain_s2,2,62,bf_30cm,0.124333
swscape_native_pretrain_s2,2,63,bf_30cm,0.122027
swscape_native_pretrain_s2,2,64,bf_30cm,0.126498
swscape_native_pretrain_s2,2,65,bf_30cm,0.128084
swscape_native_pretrain_s2,2,66,bf_30cm,0.126126
swscape_native_pretrain_s2,2,67,bf_30cm,0.124019
swscape_native_pretrain_s2,2,68,bf_30cm,0.12357
swscape_native_pretrain_s2,2,69,bf_30cm,0.127358
swscape_native_pretrain_s2,2,70,bf_30cm,0.12702
swscape_native_pretrain_s2,2,71,bf_30cm,0.123451
swscape_native_pretrain_s2,2,72,bf_30cm,0.125674
swscape_native_pretrain_s2,2,73,bf_30cm,0.128572
swscape_native_pretrain_s2,2,74,bf_30cm,0.1232
swscape_native_pretrain_s2,2,75,bf_30cm,0.123544
swscape_native_pretrain_s2,2,76,bf_30cm,0.12376
swscape_native_pretrain_s2,2,77,bf_30cm,0.124569
swscape_native_pretrain_s2,2,78,bf_30cm,0.123796
swscape_native_pretrain_s2,2,79,bf_30cm,0.12456
swscape_native_pretrain_s2,2,80,bf_30cm,0.124391
swscape_native_pretrain_s2,2,81,bf_30cm,0.125235
swscape_native_pretrain_s2,2,82,bf_30cm,0.125649
swscape_native_pretrain_s2,2,83,bf_30cm,0.123426
swscape_native_pretrain_s2,2,84,bf_30cm,0.123139
swscape_native_pretrain_s2,2,85,bf_30cm,0.122559
swscape_native_pretrain_s2,2,86,bf_30cm,0.123604
swscape_native_pretrain_s2,2,87,bf_30cm,0.125766
swscape_native_pretrain_s2,2,88,bf_30cm,0.124072
swscape_native_pretrain_s2,2,89,bf_30cm,0.124675
swscape_native_pretrain_s2,2,90,bf_30cm,0.124525
swscape_native_pretrain_s2,2,91,bf_30cm,0.123418
swscape_native_pretrain_s2,2,92,bf_30cm,0.124074
swscape_native_pretrain_s2,2,93,bf_30cm,0.123604
swscape_native_pretrain_s2,2,94,bf_30cm,0.124726
swscape_native_pretrain_s2,2,95,bf_30cm,0.123608
swscape_native_pretrain_s2,2,96,bf_30cm,0.124915
swscape_native_pretrain_s2,2,97,bf_30cm,0.124554
swscape_native_pretrain_s2,2,98,bf_30cm,0.124511
swscape_native_pretrain_s2,2,99,bf_30cm,0.124526
swscape_native_pretrain_s2,2,100,bf_30cm,0.124483
swscape_native_pretrain_s3,3,1,iou_free,0.787591
swscape_native_pretrain_s3,3,2,iou_free,0.81371
swscape_native_pretrain_s3,3,3,iou_free,0.834886
swscape_native_pretrain_s3,3,4,iou_free,0.833841
swscape_native_pretrain_s3,3,5,iou_free,0.835641
swscape_native_pretrain_s3,3,6,iou_free,0.850374
swscape_native_pretrain_s3,3,7,iou_free,0.846357
swscape_native_pretrain_s3,3,8,iou_free,0.856747
swscape_native_pretrain_s3,3,9,iou_free,0.858744
swscape_native_pretrain_s3,3,10,iou_free,0.861596
swscape_native_pretrain_s3,3,11,iou_free,0.859971
swscape_native_pretrain_s3,3,12,iou_free,0.86073
swscape_native_pretrain_s3,3,13,iou_free,0.868283
swscape_native_pretrain_s3,3,14,iou_free,0.864382
swscape_native_pretrain_s3,3,15,iou_free,0.867563
swscape_native_pretrain_s3,3,16,iou_free,0.865337
swscape_native_pretrain_s3,3,17,iou_free,0.861555
swscape_native_pretrain_s3,3,18,iou_free,0.866756
swscape_native_pretrain_s3,3,19,iou_free,0.869232
swscape_native_pretrain_s3,3,20,iou_free,0.867645
swscape_native_pretrain_s3,3,21,iou_free,0.869569
swscape_native_pretrain_s3,3,22,iou_free,0.870397
swscape_native_pretrain_s3,3,23,iou_free,0.869389
swscape_native_pretrain_s3,3,24,iou_free,0.868142
swscape_native_pretrain_s3,3,25,iou_free,0.866096
swscape_native_pretrain_s3,3,26,iou_free,0.871429
swscape_native_pretrain_s3,3,27,iou_free,0.869932
swscape_native_pretrain_s3,3,28,iou_free,0.871498
swscape_native_pretrain_s3,3,29,iou_free,0.870411
swscape_native_pretrain_s3,3,30,iou_free,0.873057
swscape_native_pretrain_s3,3,31,iou_free,0.870661
swscape_native_pretrain_s3,3,32,iou_free,0.86846
swscape_native_pretrain_s3,3,33,iou_free,0.868685
swscape_native_pretrain_s3,3,34,iou_free,0.872258
swscape_native_pretrain_s3,3,35,iou_free,0.870318
swscape_native_pretrain_s3,3,36,iou_free,0.871918
swscape_native_pretrain_s3,3,37,iou_free,0.870932
swscape_native_pretrain_s3,3,38,iou_free,0.870051
swscape_native_pretrain_s3,3,39,iou_free,0.871064
swscape_native_pretrain_s3,3,40,iou_free,0.87196
swscape_native_pretrain_s3,3,41,iou_free,0.872196
swscape_native_pretrain_s3,3,42,iou_free,0.872361
swscape_native_pretrain_s3,3,43,iou_free,0.87153
swscape_native_pretrain_s3,3,44,iou_free,0.870121
swscape_native_pretrain_s3,3,45,iou_free,0.869829
swscape_native_pretrain_s3,3,46,iou_free,0.872804
swscape_native_pretrain_s3,3,47,iou_free,0.87076
swscape_native_pretrain_s3,3,48,iou_free,0.871494
swscape_native_pretrain_s3,3,49,iou_free,0.871636
swscape_native_pretrain_s3,3,50,iou_free,0.870893
swscape_native_pretrain_s3,3,51,iou_free,0.871485
swscape_native_pretrain_s3,3,52,iou_free,0.872352
swscape_native_pretrain_s3,3,53,iou_free,0.872298
swscape_native_pretrain_s3,3,54,iou_free,0.870933
swscape_native_pretrain_s3,3,55,iou_free,0.871901
swscape_native_pretrain_s3,3,56,iou_free,0.871923
swscape_native_pretrain_s3,3,57,iou_free,0.871799
swscape_native_pretrain_s3,3,58,iou_free,0.870641
swscape_native_pretrain_s3,3,59,iou_free,0.871216
swscape_native_pretrain_s3,3,60,iou_free,0.871446
swscape_native_pretrain_s3,3,61,iou_free,0.871765
swscape_native_pretrain_s3,3,62,iou_free,0.870582
swscape_native_pretrain_s3,3,63,iou_free,0.871185
swscape_native_pretrain_s3,3,64,iou_free,0.870568
swscape_native_pretrain_s3,3,65,iou_free,0.870932
swscape_native_pretrain_s3,3,66,iou_free,0.870926
swscape_native_pretrain_s3,3,67,iou_free,0.871023
swscape_native_pretrain_s3,3,68,iou_free,0.870428
swscape_native_pretrain_s3,3,69,iou_free,0.870518
swscape_native_pretrain_s3,3,70,iou_free,0.870715
swscape_native_pretrain_s3,3,71,iou_free,0.870944
swscape_native_pretrain_s3,3,72,iou_free,0.870208
swscape_native_pretrain_s3,3,73,iou_free,0.870586
swscape_native_pretrain_s3,3,74,iou_free,0.871007
swscape_native_pretrain_s3,3,75,iou_free,0.870823
swscape_native_pretrain_s3,3,76,iou_free,0.870656
swscape_native_pretrain_s3,3,77,iou_free,0.870012
swscape_native_pretrain_s3,3,78,iou_free,0.870686
swscape_native_pretrain_s3,3,79,iou_free,0.871207
swscape_native_pretrain_s3,3,80,iou_free,0.869961
swscape_native_pretrain_s3,3,81,iou_free,0.870436
swscape_native_pretrain_s3,3,82,iou_free,0.870691
swscape_native_pretrain_s3,3,83,iou_free,0.871051
swscape_native_pretrain_s3,3,84,iou_free,0.870404
swscape_native_pretrain_s3,3,85,iou_free,0.871026
swscape_native_pretrain_s3,3,86,iou_free,0.87083
swscape_native_pretrain_s3,3,87,iou_free,0.870491
swscape_native_pretrain_s3,3,88,iou_free,0.871348
swscape_native_pretrain_s3,3,89,iou_free,0.870632
swscape_native_pretrain_s3,3,90,iou_free,0.870991
swscape_native_pretrain_s3,3,91,iou_free,0.87037
swscape_native_pretrain_s3,3,92,iou_free,0.870373
swscape_native_pretrain_s3,3,93,iou_free,0.870657
swscape_native_pretrain_s3,3,94,iou_free,0.870859
swscape_native_pretrain_s3,3,95,iou_free,0.870779
swscape_native_pretrain_s3,3,96,iou_free,0.870668
swscape_native_pretrain_s3,3,97,iou_free,0.870505
swscape_native_pretrain_s3,3,98,iou_free,0.870426
swscape_native_pretrain_s3,3,99,iou_free,0.870351
swscape_native_pretrain_s3,3,100,iou_free,0.870556
swscape_native_pretrain_s3,3,1,iou_non_free,0.783856
swscape_native_pretrain_s3,3,2,iou_non_free,0.811897
swscape_native_pretrain_s3,3,3,iou_non_free,0.832578
swscape_native_pretrain_s3,3,4,iou_non_free,0.835401
swscape_native_pretrain_s3,3,5,iou_non_free,0.833448
swscape_native_pretrain_s3,3,6,iou_non_free,0.853445
swscape_native_pretrain_s3,3,7,iou_non_free,0.852425
swscape_native_pretrain_s3,3,8,iou_non_free,0.860761
swscape_native_pretrain_s3,3,9,iou_non_free,0.858947
swscape_native_pretrain_s3,3,10,iou_non_free,0.864913
swscape_native_pretrain_s3,3,11,iou_non_free,0.86527
swscape_native_pretrain_s3,3,12,iou_non_free,0.866347
swscape_native_pretrain_s3,3,13,iou_non_free,0.871954
swscape_native_pretrain_s3,3,14,iou_non_free,0.867961
swscape_native_pretrain_s3,3,15,iou_non_free,0.872221
swscape_native_pretrain_s3,3,16,iou_non_free,0.869847
swscape_native_pretrain_s3,3,17,iou_non_free,0.867948
swscape_native_pretrain_s3,3,18,iou_non_free,0.870484
swscape_native_pretrain_s3,3,19,iou_non_free,0.873904
swscape_native_pretrain_s3,3,20,iou_non_free,0.872545
swscape_native_pretrain_s3,3,21,iou_non_free,0.874255
swscape_native_pretrain_s3,3,22,iou_non_free,0.874188
swscape_native_pretrain_s3,3,23,iou_non_free,0.875376
swscape_native_pretrain_s3,3,24,iou_non_free,0.87218
swscape_native_pretrain_s3,3,25,iou_non_free,0.870278
swscape_native_pretrain_s3,3,26,iou_non_free,0.874535
swscape_native_pretrain_s3,3,27,iou_non_free,0.87354
swscape_native_pretrain_s3,3,28,iou_non_free,0.876362
swscape_native_pretrain_s3,3,29,iou_non_free,0.87495
swscape_native_pretrain_s3,3,30,iou_non_free,0.877185
swscape_native_pretrain_s3,3,31,iou_non_free,0.875818
swscape_native_pretrain_s3,3,32,iou_non_free,0.872811
swscape_native_pretrain_s3,3,33,iou_non_free,0.873635
swscape_native_pretrain_s3,3,34,iou_non_free,0.877019
swscape_native_pretrain_s3,3,35,iou_non_free,0.874573
swscape_native_pretrain_s3,3,36,iou_non_free,0.876236
swscape_native_pretrain_s3,3,37,iou_non_free,0.874543
swscape_native_pretrain_s3,3,38,iou_non_free,0.874619
swscape_native_pretrain_s3,3,39,iou_non_free,0.875536
swscape_native_pretrain_s3,3,40,iou_non_free,0.876672
swscape_native_pretrain_s3,3,41,iou_non_free,0.876622
swscape_native_pretrain_s3,3,42,iou_non_free,0.876212
swscape_native_pretrain_s3,3,43,iou_non_free,0.875415
swscape_native_pretrain_s3,3,44,iou_non_free,0.874839
swscape_native_pretrain_s3,3,45,iou_non_free,0.873932
swscape_native_pretrain_s3,3,46,iou_non_free,0.876637
swscape_native_pretrain_s3,3,47,iou_non_free,0.874647
swscape_native_pretrain_s3,3,48,iou_non_free,0.875775
swscape_native_pretrain_s3,3,49,iou_non_free,0.875974
swscape_native_pretrain_s3,3,50,iou_non_free,0.875598
swscape_native_pretrain_s3,3,51,iou_non_free,0.876005
swscape_native_pretrain_s3,3,52,iou_non_free,0.877275
swscape_native_pretrain_s3,3,53,iou_non_free,0.876799
swscape_native_pretrain_s3,3,54,iou_non_free,0.875207
swscape_native_pretrain_s3,3,55,iou_non_free,0.876657
swscape_native_pretrain_s3,3,56,iou_non_free,0.875727
swscape_native_pretrain_s3,3,57,iou_non_free,0.876102
swscape_native_pretrain_s3,3,58,iou_non_free,0.87489
swscape_native_pretrain_s3,3,59,iou_non_free,0.875491
swscape_native_pretrain_s3,3,60,iou_non_free,0.875485
swscape_native_pretrain_s3,3,61,iou_non_free,0.876318
swscape_native_pretrain_s3,3,62,iou_non_free,0.874949
swscape_native_pretrain_s3,3,63,iou_non_free,0.875712
swscape_native_pretrain_s3,3,64,iou_non_free,0.875204
swscape_native_pretrain_s3,3,65,iou_non_free,0.875283
swscape_native_pretrain_s3,3,66,iou_non_free,0.875227
swscape_native_pretrain_s3,3,67,iou_non_free,0.875815
swscape_native_pretrain_s3,3,68,iou_non_free,0.874785
swscape_native_pretrain_s3,3,69,iou_non_free,0.875272
swscape_native_pretrain_s3,3,70,iou_non_free,0.875232
swscape_native_pretrain_s3,3,71,iou_non_free,0.875204
swscape_native_pretrain_s3,3,72,iou_non_free,0.874939
swscape_native_pretrain_s3,3,73,iou_non_free,0.874948
swscape_native_pretrain_s3,3,74,iou_non_free,0.875585
swscape_native_pretrain_s3,3,75,iou_non_free,0.874881
swscape_native_pretrain_s3,3,76,iou_non_free,0.874713
swscape_native_pretrain_s3,3,77,iou_non_free,0.874297
swscape_native_pretrain_s3,3,78,iou_non_free,0.875379
swscape_native_pretrain_s3,3,79,iou_non_free,0.875408
swscape_native_pretrain_s3,3,80,iou_non_free,0.874604
swscape_native_pretrain_s3,3,81,iou_non_free,0.874933
swscape_native_pretrain_s3,3,82,iou_non_free,0.875088
swscape_native_pretrain_s3,3,83,iou_non_free,0.875529
swscape_native_pretrain_s3,3,84,iou_non_free,0.874838
swscape_native_pretrain_s3,3,85,iou_non_free,0.87562
swscape_native_pretrain_s3,3,86,iou_non_free,0.875253
swscape_native_pretrain_s3,3,87,iou_non_free,0.87496
swscape_native_pretrain_s3,3,88,iou_non_free,0.875854
swscape_native_pretrain_s3,3,89,iou_non_free,0.87501
swscape_native_pretrain_s3,3,90,iou_non_free,0.875349
swscape_native_pretrain_s3,3,91,iou_non_free,0.874758
swscape_native_pretrain_s3,3,92,iou_non_free,0.874851
swscape_native_pretrain_s3,3,93,iou_non_free,0.875023
swscape_native_pretrain_s3,3,94,iou_non_free,0.875291
swscape_native_pretrain_s3,3,95,iou_non_free,0.87531
swscape_native_pretrain_s3,3,96,iou_non_free,0.875185
swscape_native_pretrain_s3,3,97,iou_non_free,0.874933
swscape_native_pretrain_s3,3,98,iou_non_free,0.874897
swscape_native_pretrain_s3,3,99,iou_non_free,0.874821
swscape_native_pretrain_s3,3,100,iou_non_free,0.875045
swscape_native_pretrain_s3,3,1,precision,0.863885
swscape_native_pretrain_s3,3,2,precision,0.877574
swscape_native_pretrain_s3,3,3,precision,0.881369
swscape_native_pretrain_s3,3,4,precision,0.893425
swscape_native_pretrain_s3,3,5,precision,0.886438
swscape_native_pretrain_s3,3,6,precision,0.902306
swscape_native_pretrain_s3,3,7,precision,0.91779
swscape_native_pretrain_s3,3,8,precision,0.906279
swscape_native_pretrain_s3,3,9,precision,0.88963
swscape_native_pretrain_s3,3,10,precision,0.899688
swscape_native_pretrain_s3,3,11,precision,0.90947
swscape_native_pretrain_s3,3,12,precision,0.912898
swscape_native_pretrain_s3,3,13,precision,0.901439
swscape_native_pretrain_s3,3,14,precision,0.89898
swscape_native_pretrain_s3,3,15,precision,0.909182
swscape_native_pretrain_s3,3,16,precision,0.905892
swscape_native_pretrain_s3,3,17,precision,0.917295
swscape_native_pretrain_s3,3,18,precision,0.901996
swscape_native_pretrain_s3,3,19,precision,0.91027
swscape_native_pretrain_s3,3,20,precision,0.906432
swscape_native_pretrain_s3,3,21,precision,0.906719
swscape_native_pretrain_s3,3,22,precision,0.901689
swscape_native_pretrain_s3,3,23,precision,0.916024
swscape_native_pretrain_s3,3,24,precision,0.903091
swscape_native_pretrain_s3,3,25,precision,0.902535
swscape_native_pretrain_s3,3,26,precision,0.900281
swscape_native_pretrain_s3,3,27,precision,0.902422
swscape_native_pretrain_s3,3,28,precision,0.910802
swscape_native_pretrain_s3,3,29,precision,0.906758
swscape_native_pretrain_s3,3,30,precision,0.906904
swscape_native_pretrain_s3,3,31,precision,0.907601
swscape_native_pretrain_s3,3,32,precision,0.905118
swscape_native_pretrain_s3,3,33,precision,0.909508
swscape_native_pretrain_s3,3,34,precision,0.908153
swscape_native_pretrain_s3,3,35,precision,0.905134
swscape_native_pretrain_s3,3,36,precision,0.904545
swscape_native_pretrain_s3,3,37,precision,0.902789
swscape_native_pretrain_s3,3,38,precision,0.906417
swscape_native_pretrain_s3,3,39,precision,0.907713
swscape_native_pretrain_s3,3,40,precision,0.90945
swscape_native_pretrain_s3,3,41,precision,0.904094
swscape_native_pretrain_s3,3,42,precision,0.904968
swscape_native_pretrain_s3,3,43,precision,0.90476
swscape_native_pretrain_s3,3,44,precision,0.907602
swscape_native_pretrain_s3,3,45,precision,0.905437
swscape_native_pretrain_s3,3,46,precision,0.903151
swscape_native_pretrain_s3,3,47,precision,0.903519
swscape_native_pretrain_s3,3,48,precision,0.904962
swscape_native_pretrain_s3,3,49,precision,0.90507
swscape_native_pretrain_s3,3,50,precision,0.906589
swscape_native_pretrain_s3,3,51,precision,0.906787
swscape_native_pretrain_s3,3,52,precision,0.908607
swscape_native_pretrain_s3,3,53,precision,0.9077
swscape_native_pretrain_s3,3,54,precision,0.906344
swscape_native_pretrain_s3,3,55,precision,0.909228
swscape_native_pretrain_s3,3,56,precision,0.903593
swscape_native_pretrain_s3,3,57,precision,0.905603
swscape_native_pretrain_s3,3,58,precision,0.906578
swscape_native_pretrain_s3,3,59,precision,0.904393
swscape_native_pretrain_s3,3,60,precision,0.904556
swscape_native_pretrain_s3,3,61,precision,0.906828
swscape_native_pretrain_s3,3,62,precision,0.906334
swscape_native_pretrain_s3,3,63,precision,0.906331
swscape_native_pretrain_s3,3,64,precision,0.906505
swscape_native_pretrain_s3,3,65,precision,0.904716
swscape_native_pretrain_s3,3,66,precision,0.90441
swscape_native_pretrain_s3,3,67,precision,0.906713
swscape_native_pretrain_s3,3,68,precision,0.906512
swscape_native_pretrain_s3,3,69,precision,0.907694
swscape_native_pretrain_s3,3,70,precision,0.9065
swscape_native_pretrain_s3,3,71,precision,0.90294
swscape_native_pretrain_s3,3,72,precision,0.907008
swscape_native_pretrain_s3,3,73,precision,0.906179
swscape_native_pretrain_s3,3,74,precision,0.905775
swscape_native_pretrain_s3,3,75,precision,0.902966
swscape_native_pretrain_s3,3,76,precision,0.904696
swscape_native_pretrain_s3,3,77,precision,0.904339
swscape_native_pretrain_s3,3,78,precision,0.905567
swscape_native_pretrain_s3,3,79,precision,0.903956
swscape_native_pretrain_s3,3,80,precision,0.905235
swscape_native_pretrain_s3,3,81,precision,0.905617
swscape_native_pretrain_s3,3,82,precision,0.904976
swscape_native_pretrain_s3,3,83,precision,0.905583
swscape_native_pretrain_s3,3,84,precision,0.904493
swscape_native_pretrain_s3,3,85,precision,0.905689
swscape_native_pretrain_s3,3,86,precision,0.90434
swscape_native_pretrain_s3,3,87,precision,0.904782
swscape_native_pretrain_s3,3,88,precision,0.905556
swscape_native_pretrain_s3,3,89,precision,0.905022
swscape_native_pretrain_s3,3,90,precision,0.904622
swscape_native_pretrain_s3,3,91,precision,0.904633
swscape_native_pretrain_s3,3,92,precision,0.905357
swscape_native_pretrain_s3,3,93,precision,0.904971
swscape_native_pretrain_s3,3,94,precision,0.904668
swscape_native_pretrain_s3,3,95,precision,0.904803
swscape_native_pretrain_s3,3,96,precision,0.905269
swscape_native_pretrain_s3,3,97,precision,0.90483
swscape_native_pretrain_s3,3,98,precision,0.90481
swscape_native_pretrain_s3,3,99,precision,0.904883
swscape_native_pretrain_s3,3,100,precision,0.904973
swscape_native_pretrain_s3,3,1,recall,0.904145
swscape_native_pretrain_s3,3,2,recall,0.920515
swscape_native_pretrain_s3,3,3,recall,0.943211
swscape_native_pretrain_s3,3,4,recall,0.928954
swscape_native_pretrain_s3,3,5,recall,0.937762
swscape_native_pretrain_s3,3,6,recall,0.938087
swscape_native_pretrain_s3,3,7,recall,0.917057
swscape_native_pretrain_s3,3,8,recall,0.941579
swscape_native_pretrain_s3,3,9,recall,0.96144
swscape_native_pretrain_s3,3,10,recall,0.953696
swscape_native_pretrain_s3,3,11,recall,0.940635
swscape_native_pretrain_s3,3,12,recall,0.938294
swscape_native_pretrain_s3,3,13,recall,0.959504
swscape_native_pretrain_s3,3,14,recall,0.957406
swscape_native_pretrain_s3,3,15,recall,0.950077
swscape_native_pretrain_s3,3,16,recall,0.950984
swscape_native_pretrain_s3,3,17,recall,0.934602
swscape_native_pretrain_s3,3,18,recall,0.957398
swscape_native_pretrain_s3,3,19,recall,0.950886
swscape_native_pretrain_s3,3,20,recall,0.953145
swscape_native_pretrain_s3,3,21,recall,0.955019
swscape_native_pretrain_s3,3,22,recall,0.96175
swscape_native_pretrain_s3,3,23,recall,0.944756
swscape_native_pretrain_s3,3,24,recall,0.957497
swscape_native_pretrain_s3,3,25,recall,0.955529
swscape_native_pretrain_s3,3,26,recall,0.964592
swscape_native_pretrain_s3,3,27,recall,0.960439
swscape_native_pretrain_s3,3,28,recall,0.952978
swscape_native_pretrain_s3,3,29,recall,0.956277
swscape_native_pretrain_s3,3,30,recall,0.959212
swscape_native_pretrain_s3,3,31,recall,0.955462
swscape_native_pretrain_s3,3,32,recall,0.955586
swscape_native_pretrain_s3,3,33,recall,0.951597
swscape_native_pretrain_s3,3,34,recall,0.956712
swscape_native_pretrain_s3,3,35,recall,0.957993
swscape_native_pretrain_s3,3,36,recall,0.96036
swscape_native_pretrain_s3,3,37,recall,0.961282
swscape_native_pretrain_s3,3,38,recall,0.956027
swscape_native_pretrain_s3,3,39,recall,0.955916
swscape_native_pretrain_s3,3,40,recall,0.95508
swscape_native_pretrain_s3,3,41,recall,0.961117
swscape_native_pretrain_s3,3,42,recall,0.960532
swscape_native_pretrain_s3,3,43,recall,0.959819
swscape_native_pretrain_s3,3,44,recall,0.954866
swscape_native_pretrain_s3,3,45,recall,0.957123
swscape_native_pretrain_s3,3,46,recall,0.962893
swscape_native_pretrain_s3,3,47,recall,0.960283
swscape_native_pretrain_s3,3,48,recall,0.959391
swscape_native_pretrain_s3,3,49,recall,0.959506
swscape_native_pretrain_s3,3,50,recall,0.956901
swscape_native_pretrain_s3,3,51,recall,0.957546
swscape_native_pretrain_s3,3,52,recall,0.956198
swscape_native_pretrain_s3,3,53,recall,0.957482
swscape_native_pretrain_s3,3,54,recall,0.957659
swscape_native_pretrain_s3,3,55,recall,0.955413
swscape_native_pretrain_s3,3,56,recall,0.961512
swscape_native_pretrain_s3,3,57,recall,0.959245
swscape_native_pretrain_s3,3,58,recall,0.956911
swscape_native_pretrain_s3,3,59,recall,0.959744
swscape_native_pretrain_s3,3,60,recall,0.959957
swscape_native_pretrain_s3,3,61,recall,0.957842
swscape_native_pretrain_s3,3,62,recall,0.95705
swscape_native_pretrain_s3,3,63,recall,0.957606
swscape_native_pretrain_s3,3,64,recall,0.95671
swscape_native_pretrain_s3,3,65,recall,0.959109
swscape_native_pretrain_s3,3,66,recall,0.959522
swscape_native_pretrain_s3,3,67,recall,0.957046
swscape_native_pretrain_s3,3,68,recall,0.956854
swscape_native_pretrain_s3,3,69,recall,0.955378
swscape_native_pretrain_s3,3,70,recall,0.956882
swscape_native_pretrain_s3,3,71,recall,0.96111
swscape_native_pretrain_s3,3,72,recall,0.955849
swscape_native_pretrain_s3,3,73,recall,0.957273
swscape_native_pretrain_s3,3,74,recall,0.957945
swscape_native_pretrain_s3,3,75,recall,0.960924
swscape_native_pretrain_s3,3,76,recall,0.958874
swscape_native_pretrain_s3,3,77,recall,0.958574
swscape_native_pretrain_s3,3,78,recall,0.957818
swscape_native_pretrain_s3,3,79,recall,0.960346
swscape_native_pretrain_s3,3,80,recall,0.957344
swscape_native_pretrain_s3,3,81,recall,0.957615
swscape_native_pretrain_s3,3,82,recall,0.958599
swscape_native_pretrain_s3,3,83,recall,0.958377
swscape_native_pretrain_s3,3,84,recall,0.958748
swscape_native_pretrain_s3,3,85,recall,0.958112
swscape_native_pretrain_s3,3,86,recall,0.959371
swscape_native_pretrain_s3,3,87,recall,0.958512
swscape_native_pretrain_s3,3,88,recall,0.958684
swscape_native_pretrain_s3,3,89,recall,0.958497
swscape_native_pretrain_s3,3,90,recall,0.959299
swscape_native_pretrain_s3,3,91,recall,0.95862
swscape_native_pretrain_s3,3,92,recall,0.957791
swscape_native_pretrain_s3,3,93,recall,0.95857
swscape_native_pretrain_s3,3,94,recall,0.959132
swscape_native_pretrain_s3,3,95,recall,0.958819
swscape_native_pretrain_s3,3,96,recall,0.958242
swscape_native_pretrain_s3,3,97,recall,0.958523
swscape_native_pretrain_s3,3,98,recall,0.958442
swscape_native_pretrain_s3,3,99,recall,0.958279
swscape_native_pretrain_s3,3,100,recall,0.958427
swscape_native_pretrain_s3,3,1,bf_10cm,0.019091
swscape_native_pretrain_s3,3,2,bf_10cm,0.025
swscape_native_pretrain_s3,3,3,bf_10cm,0.020944
swscape_native_pretrain_s3,3,4,bf_10cm,0.020559
swscape_native_pretrain_s3,3,5,bf_10cm,0.0275
swscape_native_pretrain_s3,3,6,bf_10cm,0.024508
swscape_native_pretrain_s3,3,7,bf_10cm,0.022882
swscape_native_pretrain_s3,3,8,bf_10cm,0.024679
swscape_native_pretrain_s3,3,9,bf_10cm,0.029939
swscape_native_pretrain_s3,3,10,bf_10cm,0.023917
swscape_native_pretrain_s3,3,11,bf_10cm,0.024745
swscape_native_pretrain_s3,3,12,bf_10cm,0.024978
swscape_native_pretrain_s3,3,13,bf_10cm,0.029469
swscape_native_pretrain_s3,3,14,bf_10cm,0.027987
swscape_native_pretrain_s3,3,15,bf_10cm,0.027638
swscape_native_pretrain_s3,3,16,bf_10cm,0.028767
swscape_native_pretrain_s3,3,17,bf_10cm,0.020444
swscape_native_pretrain_s3,3,18,bf_10cm,0.025232
swscape_native_pretrain_s3,3,19,bf_10cm,0.023499
swscape_native_pretrain_s3,3,20,bf_10cm,0.026407
swscape_native_pretrain_s3,3,21,bf_10cm,0.029597
swscape_native_pretrain_s3,3,22,bf_10cm,0.029354
swscape_native_pretrain_s3,3,23,bf_10cm,0.02232
swscape_native_pretrain_s3,3,24,bf_10cm,0.028248
swscape_native_pretrain_s3,3,25,bf_10cm,0.0282
swscape_native_pretrain_s3,3,26,bf_10cm,0.02964
swscape_native_pretrain_s3,3,27,bf_10cm,0.029409
swscape_native_pretrain_s3,3,28,bf_10cm,0.024306
swscape_native_pretrain_s3,3,29,bf_10cm,0.025806
swscape_native_pretrain_s3,3,30,bf_10cm,0.026562
swscape_native_pretrain_s3,3,31,bf_10cm,0.026858
swscape_native_pretrain_s3,3,32,bf_10cm,0.025822
swscape_native_pretrain_s3,3,33,bf_10cm,0.025936
swscape_native_pretrain_s3,3,34,bf_10cm,0.027307
swscape_native_pretrain_s3,3,35,bf_10cm,0.02733
swscape_native_pretrain_s3,3,36,bf_10cm,0.027815
swscape_native_pretrain_s3,3,37,bf_10cm,0.029403
swscape_native_pretrain_s3,3,38,bf_10cm,0.028827
swscape_native_pretrain_s3,3,39,bf_10cm,0.027696
swscape_native_pretrain_s3,3,40,bf_10cm,0.027114
swscape_native_pretrain_s3,3,41,bf_10cm,0.028044
swscape_native_pretrain_s3,3,42,bf_10cm,0.02774
swscape_native_pretrain_s3,3,43,bf_10cm,0.028136
swscape_native_pretrain_s3,3,44,bf_10cm,0.027724
swscape_native_pretrain_s3,3,45,bf_10cm,0.027101
swscape_native_pretrain_s3,3,46,bf_10cm,0.029731
swscape_native_pretrain_s3,3,47,bf_10cm,0.028099
swscape_native_pretrain_s3,3,48,bf_10cm,0.028676
swscape_native_pretrain_s3,3,49,bf_10cm,0.029097
swscape_native_pretrain_s3,3,50,bf_10cm,0.027446
swscape_native_pretrain_s3,3,51,bf_10cm,0.026859
swscape_native_pretrain_s3,3,52,bf_10cm,0.027783
swscape_native_pretrain_s3,3,53,bf_10cm,0.027117
swscape_native_pretrain_s3,3,54,bf_10cm,0.025317
swscape_native_pretrain_s3,3,55,bf_10cm,0.027881
swscape_native_pretrain_s3,3,56,bf_10cm,0.029225
swscape_native_pretrain_s3,3,57,bf_10cm,0.028231
swscape_native_pretrain_s3,3,58,bf_10cm,0.028562
swscape_native_pretrain_s3,3,59,bf_10cm,0.027479
swscape_native_pretrain_s3,3,60,bf_10cm,0.02838
swscape_native_pretrain_s3,3,61,bf_10cm,0.026453
swscape_native_pretrain_s3,3,62,bf_10cm,0.028529
swscape_native_pretrain_s3,3,63,bf_10cm,0.027696
swscape_native_pretrain_s3,3,64,bf_10cm,0.027167
swscape_native_pretrain_s3,3,65,bf_10cm,0.028138
swscape_native_pretrain_s3,3,66,bf_10cm,0.028664
swscape_native_pretrain_s3,3,67,bf_10cm,0.027554
swscape_native_pretrain_s3,3,68,bf_10cm,0.026934
swscape_native_pretrain_s3,3,69,bf_10cm,0.026968
swscape_native_pretrain_s3,3,70,bf_10cm,0.02762
swscape_native_pretrain_s3,3,71,bf_10cm,0.02802
swscape_native_pretrain_s3,3,72,bf_10cm,0.027298
swscape_native_pretrain_s3,3,73,bf_10cm,0.027697
swscape_native_pretrain_s3,3,74,bf_10cm,0.028615
swscape_native_pretrain_s3,3,75,bf_10cm,0.028734
swscape_native_pretrain_s3,3,76,bf_10cm,0.029013
swscape_native_pretrain_s3,3,77,bf_10cm,0.028089
swscape_native_pretrain_s3,3,78,bf_10cm,0.028396
swscape_native_pretrain_s3,3,79,bf_10cm,0.028598
swscape_native_pretrain_s3,3,80,bf_10cm,0.027992
swscape_native_pretrain_s3,3,81,bf_10cm,0.027909
swscape_native_pretrain_s3,3,82,bf_10cm,0.028338
swscape_native_pretrain_s3,3,83,bf_10cm,0.027827
swscape_native_pretrain_s3,3,84,bf_10cm,0.02836
swscape_native_pretrain_s3,3,85,bf_10cm,0.027918
swscape_native_pretrain_s3,3,86,bf_10cm,0.028225
swscape_native_pretrain_s3,3,87,bf_10cm,0.028152
swscape_native_pretrain_s3,3,88,bf_10cm,0.028285
swscape_native_pretrain_s3,3,89,bf_10cm,0.027884
swscape_native_pretrain_s3,3,90,bf_10cm,0.028487
swscape_native_pretrain_s3,3,91,bf_10cm,0.028175
swscape_native_pretrain_s3,3,92,bf_10cm,0.028202
swscape_native_pretrain_s3,3,93,bf_10cm,0.028217
swscape_native_pretrain_s3,3,94,bf_10cm,0.028217
swscape_native_pretrain_s3,3,95,bf_10cm,0.027881
swscape_native_pretrain_s3,3,96,bf_10cm,0.028044
swscape_native_pretrain_s3,3,97,bf_10cm,0.028214
swscape_native_pretrain_s3,3,98,bf_10cm,0.028048
swscape_native_pretrain_s3,3,99,bf_10cm,0.028067
swscape_native_pretrain_s3,3,100,bf_10cm,0.028033
swscape_native_pretrain_s3,3,1,bf_20cm,0.061321
swscape_native_pretrain_s3,3,2,bf_20cm,0.075702
swscape_native_pretrain_s3,3,3,bf_20cm,0.065154
swscape_native_pretrain_s3,3,4,bf_20cm,0.064667
swscape_native_pretrain_s3,3,5,bf_20cm,0.082873
swscape_native_pretrain_s3,3,6,bf_20cm,0.073584
swscape_native_pretrain_s3,3,7,bf_20cm,0.067116
swscape_native_pretrain_s3,3,8,bf_20cm,0.071895
swscape_native_pretrain_s3,3,9,bf_20cm,0.088086
swscape_native_pretrain_s3,3,10,bf_20cm,0.07026
swscape_native_pretrain_s3,3,11,bf_20cm,0.072941
swscape_native_pretrain_s3,3,12,bf_20cm,0.072994
swscape_native_pretrain_s3,3,13,bf_20cm,0.085189
swscape_native_pretrain_s3,3,14,bf_20cm,0.081394
swscape_native_pretrain_s3,3,15,bf_20cm,0.079796
swscape_native_pretrain_s3,3,16,bf_20cm,0.081628
swscape_native_pretrain_s3,3,17,bf_20cm,0.06027
swscape_native_pretrain_s3,3,18,bf_20cm,0.074274
swscape_native_pretrain_s3,3,19,bf_20cm,0.069761
swscape_native_pretrain_s3,3,20,bf_20cm,0.075087
swscape_native_pretrain_s3,3,21,bf_20cm,0.084176
swscape_native_pretrain_s3,3,22,bf_20cm,0.084172
swscape_native_pretrain_s3,3,23,bf_20cm,0.065662
swscape_native_pretrain_s3,3,24,bf_20cm,0.080795
swscape_native_pretrain_s3,3,25,bf_20cm,0.080202
swscape_native_pretrain_s3,3,26,bf_20cm,0.084563
swscape_native_pretrain_s3,3,27,bf_20cm,0.08354
swscape_native_pretrain_s3,3,28,bf_20cm,0.070627
swscape_native_pretrain_s3,3,29,bf_20cm,0.073878
swscape_native_pretrain_s3,3,30,bf_20cm,0.076057
swscape_native_pretrain_s3,3,31,bf_20cm,0.075585
swscape_native_pretrain_s3,3,32,bf_20cm,0.07405
swscape_native_pretrain_s3,3,33,bf_20cm,0.073777
swscape_native_pretrain_s3,3,34,bf_20cm,0.078187
swscape_native_pretrain_s3,3,35,bf_20cm,0.07828
swscape_native_pretrain_s3,3,36,bf_20cm,0.078756
swscape_native_pretrain_s3,3,37,bf_20cm,0.08315
swscape_native_pretrain_s3,3,38,bf_20cm,0.081524
swscape_native_pretrain_s3,3,39,bf_20cm,0.078606
swscape_native_pretrain_s3,3,40,bf_20cm,0.077027
swscape_native_pretrain_s3,3,41,bf_20cm,0.079301
swscape_native_pretrain_s3,3,42,bf_20cm,0.078826
swscape_native_pretrain_s3,3,43,bf_20cm,0.080279
swscape_native_pretrain_s3,3,44,bf_20cm,0.078189
swscape_native_pretrain_s3,3,45,bf_20cm,0.076696
swscape_native_pretrain_s3,3,46,bf_20cm,0.084212
swscape_native_pretrain_s3,3,47,bf_20cm,0.079767
swscape_native_pretrain_s3,3,48,bf_20cm,0.081038
swscape_native_pretrain_s3,3,49,bf_20cm,0.082293
swscape_native_pretrain_s3,3,50,bf_20cm,0.077666
swscape_native_pretrain_s3,3,51,bf_20cm,0.076048
swscape_native_pretrain_s3,3,52,bf_20cm,0.078892
swscape_native_pretrain_s3,3,53,bf_20cm,0.077128
swscape_native_pretrain_s3,3,54,bf_20cm,0.072988
swscape_native_pretrain_s3,3,55,bf_20cm,0.078514
swscape_native_pretrain_s3,3,56,bf_20cm,0.082866
swscape_native_pretrain_s3,3,57,bf_20cm,0.079478
swscape_native_pretrain_s3,3,58,bf_20cm,0.080084
swscape_native_pretrain_s3,3,59,bf_20cm,0.077898
swscape_native_pretrain_s3,3,60,bf_20cm,0.080375
swscape_native_pretrain_s3,3,61,bf_20cm,0.075261
swscape_native_pretrain_s3,3,62,bf_20cm,0.080276
swscape_native_pretrain_s3,3,63,bf_20cm,0.078131
swscape_native_pretrain_s3,3,64,bf_20cm,0.076788
swscape_native_pretrain_s3,3,65,bf_20cm,0.079282
swscape_native_pretrain_s3,3,66,bf_20cm,0.080696
swscape_native_pretrain_s3,3,67,bf_20cm,0.078257
swscape_native_pretrain_s3,3,68,bf_20cm,0.076042
swscape_native_pretrain_s3,3,69,bf_20cm,0.076777
swscape_native_pretrain_s3,3,70,bf_20cm,0.077899
swscape_native_pretrain_s3,3,71,bf_20cm,0.078989
swscape_native_pretrain_s3,3,72,bf_20cm,0.076869
swscape_native_pretrain_s3,3,73,bf_20cm,0.077949
swscape_native_pretrain_s3,3,74,bf_20cm,0.080104
swscape_native_pretrain_s3,3,75,bf_20cm,0.080831
swscape_native_pretrain_s3,3,76,bf_20cm,0.081495
swscape_native_pretrain_s3,3,77,bf_20cm,0.078901
swscape_native_pretrain_s3,3,78,bf_20cm,0.079579
swscape_native_pretrain_s3,3,79,bf_20cm,0.080435
swscape_native_pretrain_s3,3,80,bf_20cm,0.079084
swscape_native_pretrain_s3,3,81,bf_20cm,0.078517
swscape_native_pretrain_s3,3,82,bf_20cm,0.079578
swscape_native_pretrain_s3,3,83,bf_20cm,0.078577
swscape_native_pretrain_s3,3,84,bf_20cm,0.079989
swscape_native_pretrain_s3,3,85,bf_20cm,0.078765
swscape_native_pretrain_s3,3,86,bf_20cm,0.079576
swscape_native_pretrain_s3,3,87,bf_20cm,0.079341
swscape_native_pretrain_s3,3,88,bf_20cm,0.079566
swscape_native_pretrain_s3,3,89,bf_20cm,0.078749
swscape_native_pretrain_s3,3,90,bf_20cm,0.080484
swscape_native_pretrain_s3,3,91,bf_20cm,0.079419
swscape_native_pretrain_s3,3,92,bf_20cm,0.079402
swscape_native_pretrain_s3,3,93,bf_20cm,0.079566
swscape_native_pretrain_s3,3,94,bf_20cm,0.079712
swscape_native_pretrain_s3,3,95,bf_20cm,0.07885
swscape_native_pretrain_s3,3,96,bf_20cm,0.079101
swscape_native_pretrain_s3,3,97,bf_20cm,0.079626
swscape_native_pretrain_s3,3,98,bf_20cm,0.079177
swscape_native_pretrain_s3,3,99,bf_20cm,0.07924
swscape_native_pretrain_s3,3,100,bf_20cm,0.07914
swscape_native_pretrain_s3,3,1,bf_30cm,0.105717
swscape_native_pretrain_s3,3,2,bf_30cm,0.124925
swscape_native_pretrain_s3,3,3,bf_30cm,0.110912
swscape_native_pretrain_s3,3,4,bf_30cm,0.110125
swscape_native_pretrain_s3,3,5,bf_30cm,0.136645
swscape_native_pretrain_s3,3,6,bf_30cm,0.121306
swscape_native_pretrain_s3,3,7,bf_30cm,0.110577
swscape_native_pretrain_s3,3,8,bf_30cm,0.117752
swscape_native_pretrain_s3,3,9,bf_30cm,0.141106
swscape_native_pretrain_s3,3,10,bf_30cm,0.116048
swscape_native_pretrain_s3,3,11,bf_30cm,0.120028
swscape_native_pretrain_s3,3,12,bf_30cm,0.119223
swscape_native_pretrain_s3,3,13,bf_30cm,0.136628
swscape_native_pretrain_s3,3,14,bf_30cm,0.132028
swscape_native_pretrain_s3,3,15,bf_30cm,0.128402
swscape_native_pretrain_s3,3,16,bf_30cm,0.129884
swscape_native_pretrain_s3,3,17,bf_30cm,0.101507
swscape_native_pretrain_s3,3,18,bf_30cm,0.122247
swscape_native_pretrain_s3,3,19,bf_30cm,0.115661
swscape_native_pretrain_s3,3,20,bf_30cm,0.121213
swscape_native_pretrain_s3,3,21,bf_30cm,0.134095
swscape_native_pretrain_s3,3,22,bf_30cm,0.135279
swscape_native_pretrain_s3,3,23,bf_30cm,0.109113
swscape_native_pretrain_s3,3,24,bf_30cm,0.130393
swscape_native_pretrain_s3,3,25,bf_30cm,0.128854
swscape_native_pretrain_s3,3,26,bf_30cm,0.135238
swscape_native_pretrain_s3,3,27,bf_30cm,0.133183
swscape_native_pretrain_s3,3,28,bf_30cm,0.116265
swscape_native_pretrain_s3,3,29,bf_30cm,0.120688
swscape_native_pretrain_s3,3,30,bf_30cm,0.123461
swscape_native_pretrain_s3,3,31,bf_30cm,0.122196
swscape_native_pretrain_s3,3,32,bf_30cm,0.120623
swscape_native_pretrain_s3,3,33,bf_30cm,0.120319
swscape_native_pretrain_s3,3,34,bf_30cm,0.126715
swscape_native_pretrain_s3,3,35,bf_30cm,0.126959
swscape_native_pretrain_s3,3,36,bf_30cm,0.126845
swscape_native_pretrain_s3,3,37,bf_30cm,0.132584
swscape_native_pretrain_s3,3,38,bf_30cm,0.129533
swscape_native_pretrain_s3,3,39,bf_30cm,0.126684
swscape_native_pretrain_s3,3,40,bf_30cm,0.124513
swscape_native_pretrain_s3,3,41,bf_30cm,0.127675
swscape_native_pretrain_s3,3,42,bf_30cm,0.127282
swscape_native_pretrain_s3,3,43,bf_30cm,0.129373
swscape_native_pretrain_s3,3,44,bf_30cm,0.126136
swscape_native_pretrain_s3,3,45,bf_30cm,0.124001
swscape_native_pretrain_s3,3,46,bf_30cm,0.133976
swscape_native_pretrain_s3,3,47,bf_30cm,0.128424
swscape_native_pretrain_s3,3,48,bf_30cm,0.129751
swscape_native_pretrain_s3,3,49,bf_30cm,0.13161
swscape_native_pretrain_s3,3,50,bf_30cm,0.125379
swscape_native_pretrain_s3,3,51,bf_30cm,0.123444
swscape_native_pretrain_s3,3,52,bf_30cm,0.126889
swscape_native_pretrain_s3,3,53,bf_30cm,0.12478
swscape_native_pretrain_s3,3,54,bf_30cm,0.119528
swscape_native_pretrain_s3,3,55,bf_30cm,0.125865
swscape_native_pretrain_s3,3,56,bf_30cm,0.132466
swscape_native_pretrain_s3,3,57,bf_30cm,0.127498
swscape_native_pretrain_s3,3,58,bf_30cm,0.128093
swscape_native_pretrain_s3,3,59,bf_30cm,0.125822
swscape_native_pretrain_s3,3,60,bf_30cm,0.128975
swscape_native_pretrain_s3,3,61,bf_30cm,0.122102
swscape_native_pretrain_s3,3,62,bf_30cm,0.128483
swscape_native_pretrain_s3,3,63,bf_30cm,0.125573
swscape_native_pretrain_s3,3,64,bf_30cm,0.124039
swscape_native_pretrain_s3,3,65,bf_30cm,0.127147
swscape_native_pretrain_s3,3,66,bf_30cm,0.129262
swscape_native_pretrain_s3,3,67,bf_30cm,0.126047
swscape_native_pretrain_s3,3,68,bf_30cm,0.123242
swscape_native_pretrain_s3,3,69,bf_30cm,0.124252
swscape_native_pretrain_s3,3,70,bf_30cm,0.125432
swscape_native_pretrain_s3,3,71,bf_30cm,0.126993
swscape_native_pretrain_s3,3,72,bf_30cm,0.123897
swscape_native_pretrain_s3,3,73,bf_30cm,0.1254
swscape_native_pretrain_s3,3,74,bf_30cm,0.128187
swscape_native_pretrain_s3,3,75,bf_30cm,0.129202
swscape_native_pretrain_s3,3,76,bf_30cm,0.130173
swscape_native_pretrain_s3,3,77,bf_30cm,0.126597
swscape_native_pretrain_s3,3,78,bf_30cm,0.12748
swscape_native_pretrain_s3,3,79,bf_30cm,0.128906
swscape_native_pretrain_s3,3,80,bf_30cm,0.127019
swscape_native_pretrain_s3,3,81,bf_30cm,0.12624
swscape_native_pretrain_s3,3,82,bf_30cm,0.127411
swscape_native_pretrain_s3,3,83,bf_30cm,0.126295
swscape_native_pretrain_s3,3,84,bf_30cm,0.128166
swscape_native_pretrain_s3,3,85,bf_30cm,0.126589
swscape_native_pretrain_s3,3,86,bf_30cm,0.127761
swscape_native_pretrain_s3,3,87,bf_30cm,0.127236
swscape_native_pretrain_s3,3,88,bf_30cm,0.12761
swscape_native_pretrain_s3,3,89,bf_30cm,0.126664
swscape_native_pretrain_s3,3,90,bf_30cm,0.128977
swscape_native_pretrain_s3,3,91,bf_30cm,0.127269
swscape_native_pretrain_s3,3,92,bf_30cm,0.1273
swscape_native_pretrain_s3,3,93,bf_30cm,0.127598
swscape_native_pretrain_s3,3,94,bf_30cm,0.127882
swscape_native_pretrain_s3,3,95,bf_30cm,0.126729
swscape_native_pretrain_s3,3,96,bf_30cm,0.127023
swscape_native_pretrain_s3,3,97,bf_30cm,0.127706
swscape_native_pretrain_s3,3,98,bf_30cm,0.127116
swscape_native_pretrain_s3,3,99,bf_30cm,0.127137
swscape_native_pretrain_s3,3,100,bf_30cm,0.127189
swscape_native_pretrain_s4,4,1,iou_free,0.791625
swscape_native_pretrain_s4,4,2,iou_free,0.820974
swscape_native_pretrain_s4,4,3,iou_free,0.828773
swscape_native_pretrain_s4,4,4,iou_free,0.8362
swscape_native_pretrain_s4,4,5,iou_free,0.816803
swscape_native_pretrain_s4,4,6,iou_free,0.852631
swscape_native_pretrain_s4,4,7,iou_free,0.85215
swscape_native_pretrain_s4,4,8,iou_free,0.861486
swscape_native_pretrain_s4,4,9,iou_free,0.859669
swscape_native_pretrain_s4,4,10,iou_free,0.866865
swscape_native_pretrain_s4,4,11,iou_free,0.867879
swscape_native_pretrain_s4,4,12,iou_free,0.86352
swscape_native_pretrain_s4,4,13,iou_free,0.868353
swscape_native_pretrain_s4,4,14,iou_free,0.871249
swscape_native_pretrain_s4,4,15,iou_free,0.865565
swscape_native_pretrain_s4,4,16,iou_free,0.869104
swscape_native_pretrain_s4,4,17,iou_free,0.869974
swscape_native_pretrain_s4,4,18,iou_free,0.867559
swscape_native_pretrain_s4,4,19,iou_free,0.867048
swscape_native_pretrain_s4,4,20,iou_free,0.869141
swscape_native_pretrain_s4,4,21,iou_free,0.868727
swscape_native_pretrain_s4,4,22,iou_free,0.869362
swscape_native_pretrain_s4,4,23,iou_free,0.867535
swscape_native_pretrain_s4,4,24,iou_free,0.868978
swscape_native_pretrain_s4,4,25,iou_free,0.871298
swscape_native_pretrain_s4,4,26,iou_free,0.868732
swscape_native_pretrain_s4,4,27,iou_free,0.868606
swscape_native_pretrain_s4,4,28,iou_free,0.868428
swscape_native_pretrain_s4,4,29,iou_free,0.869117
swscape_native_pretrain_s4,4,30,iou_free,0.870851
swscape_native_pretrain_s4,4,31,iou_free,0.870655
swscape_native_pretrain_s4,4,32,iou_free,0.869434
swscape_native_pretrain_s4,4,33,iou_free,0.868245
swscape_native_pretrain_s4,4,34,iou_free,0.870923
swscape_native_pretrain_s4,4,35,iou_free,0.863621
swscape_native_pretrain_s4,4,36,iou_free,0.870536
swscape_native_pretrain_s4,4,37,iou_free,0.868854
swscape_native_pretrain_s4,4,38,iou_free,0.870381
swscape_native_pretrain_s4,4,39,iou_free,0.868407
swscape_native_pretrain_s4,4,40,iou_free,0.870209
swscape_native_pretrain_s4,4,41,iou_free,0.869067
swscape_native_pretrain_s4,4,42,iou_free,0.869775
swscape_native_pretrain_s4,4,43,iou_free,0.869962
swscape_native_pretrain_s4,4,44,iou_free,0.872015
swscape_native_pretrain_s4,4,45,iou_free,0.868943
swscape_native_pretrain_s4,4,46,iou_free,0.869769
swscape_native_pretrain_s4,4,47,iou_free,0.871312
swscape_native_pretrain_s4,4,48,iou_free,0.870479
swscape_native_pretrain_s4,4,49,iou_free,0.868767
swscape_native_pretrain_s4,4,50,iou_free,0.870374
swscape_native_pretrain_s4,4,51,iou_free,0.871039
swscape_native_pretrain_s4,4,52,iou_free,0.872508
swscape_native_pretrain_s4,4,53,iou_free,0.871326
swscape_native_pretrain_s4,4,54,iou_free,0.870843
swscape_native_pretrain_s4,4,55,iou_free,0.870026
swscape_native_pretrain_s4,4,56,iou_free,0.871227
swscape_native_pretrain_s4,4,57,iou_free,0.870194
swscape_native_pretrain_s4,4,58,iou_free,0.871085
swscape_native_pretrain_s4,4,59,iou_free,0.869337
swscape_native_pretrain_s4,4,60,iou_free,0.870325
swscape_native_pretrain_s4,4,61,iou_free,0.869714
swscape_native_pretrain_s4,4,62,iou_free,0.871385
swscape_native_pretrain_s4,4,63,iou_free,0.870006
swscape_native_pretrain_s4,4,64,iou_free,0.870201
swscape_native_pretrain_s4,4,65,iou_free,0.86975
swscape_native_pretrain_s4,4,66,iou_free,0.870258
swscape_native_pretrain_s4,4,67,iou_free,0.871207
swscape_native_pretrain_s4,4,68,iou_free,0.86978
swscape_native_pretrain_s4,4,69,iou_free,0.870593
swscape_native_pretrain_s4,4,70,iou_free,0.870137
swscape_native_pretrain_s4,4,71,iou_free,0.87085
swscape_native_pretrain_s4,4,72,iou_free,0.869965
swscape_native_pretrain_s4,4,73,iou_free,0.870432
swscape_native_pretrain_s4,4,74,iou_free,0.870075
swscape_native_pretrain_s4,4,75,iou_free,0.870221
swscape_native_pretrain_s4,4,76,iou_free,0.870501
swscape_native_pretrain_s4,4,77,iou_free,0.870205
swscape_native_pretrain_s4,4,78,iou_free,0.869862
swscape_native_pretrain_s4,4,79,iou_free,0.86998
swscape_native_pretrain_s4,4,80,iou_free,0.870439
swscape_native_pretrain_s4,4,81,iou_free,0.870456
swscape_native_pretrain_s4,4,82,iou_free,0.870199
swscape_native_pretrain_s4,4,83,iou_free,0.870742
swscape_native_pretrain_s4,4,84,iou_free,0.870533
swscape_native_pretrain_s4,4,85,iou_free,0.870047
swscape_native_pretrain_s4,4,86,iou_free,0.870403
swscape_native_pretrain_s4,4,87,iou_free,0.870148
swscape_native_pretrain_s4,4,88,iou_free,0.869503
swscape_native_pretrain_s4,4,89,iou_free,0.869723
swscape_native_pretrain_s4,4,90,iou_free,0.87006
swscape_native_pretrain_s4,4,91,iou_free,0.869952
swscape_native_pretrain_s4,4,92,iou_free,0.869997
swscape_native_pretrain_s4,4,93,iou_free,0.870035
swscape_native_pretrain_s4,4,94,iou_free,0.869862
swscape_native_pretrain_s4,4,95,iou_free,0.869815
swscape_native_pretrain_s4,4,96,iou_free,0.869965
swscape_native_pretrain_s4,4,97,iou_free,0.869578
swscape_native_pretrain_s4,4,98,iou_free,0.869598
swscape_native_pretrain_s4,4,99,iou_free,0.869689
swscape_native_pretrain_s4,4,100,iou_free,0.86967
swscape_native_pretrain_s4,4,1,iou_non_free,0.782375
swscape_native_pretrain_s4,4,2,iou_non_free,0.818844
swscape_native_pretrain_s4,4,3,iou_non_free,0.826869
swscape_native_pretrain_s4,4,4,iou_non_free,0.83425
swscape_native_pretrain_s4,4,5,iou_non_free,0.824056
swscape_native_pretrain_s4,4,6,iou_non_free,0.855053
swscape_native_pretrain_s4,4,7,iou_non_free,0.855936
swscape_native_pretrain_s4,4,8,iou_non_free,0.864285
swscape_native_pretrain_s4,4,9,iou_non_free,0.861334
swscape_native_pretrain_s4,4,10,iou_non_free,0.870587
swscape_native_pretrain_s4,4,11,iou_non_free,0.872667
swscape_native_pretrain_s4,4,12,iou_non_free,0.866249
swscape_native_pretrain_s4,4,13,iou_non_free,0.872144
swscape_native_pretrain_s4,4,14,iou_non_free,0.875459
swscape_native_pretrain_s4,4,15,iou_non_free,0.868917
swscape_native_pretrain_s4,4,16,iou_non_free,0.872965
swscape_native_pretrain_s4,4,17,iou_non_free,0.874843
swscape_native_pretrain_s4,4,18,iou_non_free,0.871419
swscape_native_pretrain_s4,4,19,iou_non_free,0.872804
swscape_native_pretrain_s4,4,20,iou_non_free,0.872314
swscape_native_pretrain_s4,4,21,iou_non_free,0.873339
swscape_native_pretrain_s4,4,22,iou_non_free,0.874569
swscape_native_pretrain_s4,4,23,iou_non_free,0.872971
swscape_native_pretrain_s4,4,24,iou_non_free,0.873995
swscape_native_pretrain_s4,4,25,iou_non_free,0.876108
swscape_native_pretrain_s4,4,26,iou_non_free,0.874244
swscape_native_pretrain_s4,4,27,iou_non_free,0.872892
swscape_native_pretrain_s4,4,28,iou_non_free,0.873378
swscape_native_pretrain_s4,4,29,iou_non_free,0.872837
swscape_native_pretrain_s4,4,30,iou_non_free,0.875424
swscape_native_pretrain_s4,4,31,iou_non_free,0.874299
swscape_native_pretrain_s4,4,32,iou_non_free,0.874446
swscape_native_pretrain_s4,4,33,iou_non_free,0.874594
swscape_native_pretrain_s4,4,34,iou_non_free,0.875762
swscape_native_pretrain_s4,4,35,iou_non_free,0.869505
swscape_native_pretrain_s4,4,36,iou_non_free,0.876321
swscape_native_pretrain_s4,4,37,iou_non_free,0.874159
swscape_native_pretrain_s4,4,38,iou_non_free,0.875411
swscape_native_pretrain_s4,4,39,iou_non_free,0.87407
swscape_native_pretrain_s4,4,40,iou_non_free,0.875158
swscape_native_pretrain_s4,4,41,iou_non_free,0.874232
swscape_native_pretrain_s4,4,42,iou_non_free,0.874599
swscape_native_pretrain_s4,4,43,iou_non_free,0.874782
swscape_native_pretrain_s4,4,44,iou_non_free,0.875919
swscape_native_pretrain_s4,4,45,iou_non_free,0.874022
swscape_native_pretrain_s4,4,46,iou_non_free,0.874065
swscape_native_pretrain_s4,4,47,iou_non_free,0.875972
swscape_native_pretrain_s4,4,48,iou_non_free,0.874371
swscape_native_pretrain_s4,4,49,iou_non_free,0.873656
swscape_native_pretrain_s4,4,50,iou_non_free,0.874736
swscape_native_pretrain_s4,4,51,iou_non_free,0.875441
swscape_native_pretrain_s4,4,52,iou_non_free,0.876764
swscape_native_pretrain_s4,4,53,iou_non_free,0.875568
swscape_native_pretrain_s4,4,54,iou_non_free,0.874993
swscape_native_pretrain_s4,4,55,iou_non_free,0.874097
swscape_native_pretrain_s4,4,56,iou_non_free,0.875001
swscape_native_pretrain_s4,4,57,iou_non_free,0.874608
swscape_native_pretrain_s4,4,58,iou_non_free,0.874656
swscape_native_pretrain_s4,4,59,iou_non_free,0.874144
swscape_native_pretrain_s4,4,60,iou_non_free,0.874779
swscape_native_pretrain_s4,4,61,iou_non_free,0.874027
swscape_native_pretrain_s4,4,62,iou_non_free,0.875929
swscape_native_pretrain_s4,4,63,iou_non_free,0.874377
swscape_native_pretrain_s4,4,64,iou_non_free,0.874269
swscape_native_pretrain_s4,4,65,iou_non_free,0.874477
swscape_native_pretrain_s4,4,66,iou_non_free,0.874934
swscape_native_pretrain_s4,4,67,iou_non_free,0.875621
swscape_native_pretrain_s4,4,68,iou_non_free,0.8743
swscape_native_pretrain_s4,4,69,iou_non_free,0.874797
swscape_native_pretrain_s4,4,70,iou_non_free,0.874311
swscape_native_pretrain_s4,4,71,iou_non_free,0.875271
swscape_native_pretrain_s4,4,72,iou_non_free,0.874298
swscape_native_pretrain_s4,4,73,iou_non_free,0.875189
swscape_native_pretrain_s4,4,74,iou_non_free,0.874156
swscape_native_pretrain_s4,4,75,iou_non_free,0.874801
swscape_native_pretrain_s4,4,76,iou_non_free,0.874952
swscape_native_pretrain_s4,4,77,iou_non_free,0.874606
swscape_native_pretrain_s4,4,78,iou_non_free,0.874206
swscape_native_pretrain_s4,4,79,iou_non_free,0.874244
swscape_native_pretrain_s4,4,80,iou_non_free,0.874578
swscape_native_pretrain_s4,4,81,iou_non_free,0.874798
swscape_native_pretrain_s4,4,82,iou_non_free,0.874524
swscape_native_pretrain_s4,4,83,iou_non_free,0.875087
swscape_native_pretrain_s4,4,84,iou_non_free,0.874897
swscape_native_pretrain_s4,4,85,iou_non_free,0.874427
swscape_native_pretrain_s4,4,86,iou_non_free,0.874563
swscape_native_pretrain_s4,4,87,iou_non_free,0.87423
swscape_native_pretrain_s4,4,88,iou_non_free,0.873837
swscape_native_pretrain_s4,4,89,iou_non_free,0.87406
swscape_native_pretrain_s4,4,90,iou_non_free,0.874257
swscape_native_pretrain_s4,4,91,iou_non_free,0.874196
swscape_native_pretrain_s4,4,92,iou_non_free,0.87421
swscape_native_pretrain_s4,4,93,iou_non_free,0.874165
swscape_native_pretrain_s4,4,94,iou_non_free,0.87411
swscape_native_pretrain_s4,4,95,iou_non_free,0.873976
swscape_native_pretrain_s4,4,96,iou_non_free,0.874128
swscape_native_pretrain_s4,4,97,iou_non_free,0.873836
swscape_native_pretrain_s4,4,98,iou_non_free,0.873848
swscape_native_pretrain_s4,4,99,iou_non_free,0.873919
swscape_native_pretrain_s4,4,100,iou_non_free,0.873877
swscape_native_pretrain_s4,4,1,precision,0.853217
swscape_native_pretrain_s4,4,2,precision,0.879399
swscape_native_pretrain_s4,4,3,precision,0.883471
swscape_native_pretrain_s4,4,4,precision,0.881754
swscape_native_pretrain_s4,4,5,precision,0.906382
swscape_native_pretrain_s4,4,6,precision,0.904488
swscape_native_pretrain_s4,4,7,precision,0.903187
swscape_native_pretrain_s4,4,8,precision,0.901657
swscape_native_pretrain_s4,4,9,precision,0.893638
swscape_native_pretrain_s4,4,10,precision,0.902311
swscape_native_pretrain_s4,4,11,precision,0.907505
swscape_native_pretrain_s4,4,12,precision,0.896063
swscape_native_pretrain_s4,4,13,precision,0.904797
swscape_native_pretrain_s4,4,14,precision,0.913556
swscape_native_pretrain_s4,4,15,precision,0.902287
swscape_native_pretrain_s4,4,16,precision,0.905403
swscape_native_pretrain_s4,4,17,precision,0.911796
swscape_native_pretrain_s4,4,18,precision,0.903394
swscape_native_pretrain_s4,4,19,precision,0.910648
swscape_native_pretrain_s4,4,20,precision,0.902431
swscape_native_pretrain_s4,4,21,precision,0.90449
swscape_native_pretrain_s4,4,22,precision,0.905979
swscape_native_pretrain_s4,4,23,precision,0.907989
swscape_native_pretrain_s4,4,24,precision,0.906636
swscape_native_pretrain_s4,4,25,precision,0.907058
swscape_native_pretrain_s4,4,26,precision,0.908604
swscape_native_pretrain_s4,4,27,precision,0.903173
swscape_native_pretrain_s4,4,28,precision,0.90439
swscape_native_pretrain_s4,4,29,precision,0.900753
swscape_native_pretrain_s4,4,30,precision,0.904361
swscape_native_pretrain_s4,4,31,precision,0.902802
swscape_native_pretrain_s4,4,32,precision,0.907973
swscape_native_pretrain_s4,4,33,precision,0.912227
swscape_native_pretrain_s4,4,34,precision,0.905371
swscape_native_pretrain_s4,4,35,precision,0.91312
swscape_native_pretrain_s4,4,36,precision,0.913191
swscape_native_pretrain_s4,4,37,precision,0.906392
swscape_native_pretrain_s4,4,38,precision,0.90683
swscape_native_pretrain_s4,4,39,precision,0.909632
swscape_native_pretrain_s4,4,40,precision,0.905754
swscape_native_pretrain_s4,4,41,precision,0.906665
swscape_native_pretrain_s4,4,42,precision,0.907765
swscape_native_pretrain_s4,4,43,precision,0.905457
swscape_native_pretrain_s4,4,44,precision,0.903054
swscape_native_pretrain_s4,4,45,precision,0.906162
swscape_native_pretrain_s4,4,46,precision,0.904106
swscape_native_pretrain_s4,4,47,precision,0.905254
swscape_native_pretrain_s4,4,48,precision,0.904512
swscape_native_pretrain_s4,4,49,precision,0.905967
swscape_native_pretrain_s4,4,50,precision,0.903755
swscape_native_pretrain_s4,4,51,precision,0.903866
swscape_native_pretrain_s4,4,52,precision,0.903454
swscape_native_pretrain_s4,4,53,precision,0.903429
swscape_native_pretrain_s4,4,54,precision,0.903532
swscape_native_pretrain_s4,4,55,precision,0.902313
swscape_native_pretrain_s4,4,56,precision,0.902348
swscape_native_pretrain_s4,4,57,precision,0.905922
swscape_native_pretrain_s4,4,58,precision,0.900654
swscape_native_pretrain_s4,4,59,precision,0.907114
swscape_native_pretrain_s4,4,60,precision,0.905753
swscape_native_pretrain_s4,4,61,precision,0.90494
swscape_native_pretrain_s4,4,62,precision,0.903621
swscape_native_pretrain_s4,4,63,precision,0.905643
swscape_native_pretrain_s4,4,64,precision,0.903614
swscape_native_pretrain_s4,4,65,precision,0.907073
swscape_native_pretrain_s4,4,66,precision,0.906241
swscape_native_pretrain_s4,4,67,precision,0.904202
swscape_native_pretrain_s4,4,68,precision,0.90529
swscape_native_pretrain_s4,4,69,precision,0.904649
swscape_native_pretrain_s4,4,70,precision,0.904406
swscape_native_pretrain_s4,4,71,precision,0.905181
swscape_native_pretrain_s4,4,72,precision,0.904402
swscape_native_pretrain_s4,4,73,precision,0.905999
swscape_native_pretrain_s4,4,74,precision,0.903572
swscape_native_pretrain_s4,4,75,precision,0.906162
swscape_native_pretrain_s4,4,76,precision,0.904699
swscape_native_pretrain_s4,4,77,precision,0.904981
swscape_native_pretrain_s4,4,78,precision,0.904615
swscape_native_pretrain_s4,4,79,precision,0.904051
swscape_native_pretrain_s4,4,80,precision,0.903589
swscape_native_pretrain_s4,4,81,precision,0.904505
swscape_native_pretrain_s4,4,82,precision,0.904376
swscape_native_pretrain_s4,4,83,precision,0.904544
swscape_native_pretrain_s4,4,84,precision,0.90505
swscape_native_pretrain_s4,4,85,precision,0.905113
swscape_native_pretrain_s4,4,86,precision,0.903778
swscape_native_pretrain_s4,4,87,precision,0.903479
swscape_native_pretrain_s4,4,88,precision,0.904936
swscape_native_pretrain_s4,4,89,precision,0.904919
swscape_native_pretrain_s4,4,90,precision,0.904613
swscape_native_pretrain_s4,4,91,precision,0.904545
swscape_native_pretrain_s4,4,92,precision,0.904027
swscape_native_pretrain_s4,4,93,precision,0.903907
swscape_native_pretrain_s4,4,94,precision,0.904461
swscape_native_pretrain_s4,4,95,precision,0.904252
swscape_native_pretrain_s4,4,96,precision,0.903973
swscape_native_pretrain_s4,4,97,precision,0.904218
swscape_native_pretrain_s4,4,98,precision,0.904441
swscape_native_pretrain_s4,4,99,precision,0.904414
swscape_native_pretrain_s4,4,100,precision,0.904156
swscape_native_pretrain_s4,4,1,recall,0.922183
swscape_native_pretrain_s4,4,2,recall,0.929054
swscape_native_pretrain_s4,4,3,recall,0.934189
swscape_native_pretrain_s4,4,4,recall,0.943976
swscape_native_pretrain_s4,4,5,recall,0.895718
swscape_native_pretrain_s4,4,6,recall,0.938283
swscape_native_pretrain_s4,4,7,recall,0.939384
swscape_native_pretrain_s4,4,8,recall,0.951696
swscape_native_pretrain_s4,4,9,recall,0.958145
swscape_native_pretrain_s4,4,10,recall,0.956656
swscape_native_pretrain_s4,4,11,recall,0.952195
swscape_native_pretrain_s4,4,12,recall,0.959411
swscape_native_pretrain_s4,4,13,recall,0.956303
swscape_native_pretrain_s4,4,14,recall,0.949865
swscape_native_pretrain_s4,4,15,recall,0.955191
swscape_native_pretrain_s4,4,16,recall,0.956604
swscape_native_pretrain_s4,4,17,recall,0.949958
swscape_native_pretrain_s4,4,18,recall,0.956341
swscape_native_pretrain_s4,4,19,recall,0.947816
swscape_native_pretrain_s4,4,20,recall,0.959708
swscape_native_pretrain_s4,4,21,recall,0.956154
swscape_native_pretrain_s4,4,22,recall,0.95501
swscape_native_pretrain_s4,4,23,recall,0.951338
swscape_native_pretrain_s4,4,24,recall,0.954284
swscape_native_pretrain_s4,4,25,recall,0.956564
swscape_native_pretrain_s4,4,26,recall,0.951725
swscape_native_pretrain_s4,4,27,recall,0.957506
swscape_native_pretrain_s4,4,28,recall,0.956061
swscape_native_pretrain_s4,4,29,recall,0.960767
swscape_native_pretrain_s4,4,30,recall,0.959321
swscape_native_pretrain_s4,4,31,recall,0.960198
swscape_native_pretrain_s4,4,32,recall,0.95354
swscape_native_pretrain_s4,4,33,recall,0.947017
swscape_native_pretrain_s4,4,34,recall,0.957796
swscape_native_pretrain_s4,4,35,recall,0.941234
swscape_native_pretrain_s4,4,36,recall,0.9491
swscape_native_pretrain_s4,4,37,recall,0.954212
swscape_native_pretrain_s4,4,38,recall,0.955636
swscape_native_pretrain_s4,4,39,recall,0.950019
swscape_native_pretrain_s4,4,40,recall,0.956732
swscape_native_pretrain_s4,4,41,recall,0.954236
swscape_native_pretrain_s4,4,42,recall,0.954022
swscape_native_pretrain_s4,4,43,recall,0.956329
swscape_native_pretrain_s4,4,44,recall,0.961897
swscape_native_pretrain_s4,4,45,recall,0.954649
swscape_native_pretrain_s4,4,46,recall,0.958041
swscape_native_pretrain_s4,4,47,recall,0.958583
swscape_native_pretrain_s4,4,48,recall,0.958811
swscape_native_pretrain_s4,4,49,recall,0.954712
swscape_native_pretrain_s4,4,50,recall,0.958804
swscape_native_pretrain_s4,4,51,recall,0.959694
swscape_native_pretrain_s4,4,52,recall,0.962021
swscape_native_pretrain_s4,4,53,recall,0.960561
swscape_native_pretrain_s4,4,54,recall,0.9601
swscape_native_pretrain_s4,4,55,recall,0.960287
swscape_native_pretrain_s4,4,56,recall,0.961879
swscape_native_pretrain_s4,4,57,recall,0.956733
swscape_native_pretrain_s4,4,58,recall,0.963494
swscape_native_pretrain_s4,4,59,recall,0.954334
swscape_native_pretrain_s4,4,60,recall,0.956973
swscape_native_pretrain_s4,4,61,recall,0.957262
swscape_native_pretrain_s4,4,62,recall,0.960331
swscape_native_pretrain_s4,4,63,recall,0.956932
swscape_native_pretrain_s4,4,64,recall,0.959261
swscape_native_pretrain_s4,4,65,recall,0.954953
swscape_native_pretrain_s4,4,66,recall,0.956376
swscape_native_pretrain_s4,4,67,recall,0.959747
swscape_native_pretrain_s4,4,68,recall,0.95694
swscape_native_pretrain_s4,4,69,recall,0.958644
swscape_native_pretrain_s4,4,70,recall,0.958395
swscape_native_pretrain_s4,4,71,recall,0.958232
swscape_native_pretrain_s4,4,72,recall,0.958091
swscape_native_pretrain_s4,4,73,recall,0.956939
swscape_native_pretrain_s4,4,74,recall,0.959048
swscape_native_pretrain_s4,4,75,recall,0.956414
swscape_native_pretrain_s4,4,76,recall,0.958305
swscape_native_pretrain_s4,4,77,recall,0.957706
swscape_native_pretrain_s4,4,78,recall,0.957817
swscape_native_pretrain_s4,4,79,recall,0.958478
swscape_native_pretrain_s4,4,80,recall,0.95956
swscape_native_pretrain_s4,4,81,recall,0.95855
swscape_native_pretrain_s4,4,82,recall,0.958355
swscape_native_pretrain_s4,4,83,recall,0.95885
swscape_native_pretrain_s4,4,84,recall,0.958038
swscape_native_pretrain_s4,4,85,recall,0.95738
swscape_native_pretrain_s4,4,86,recall,0.959283
swscape_native_pretrain_s4,4,87,recall,0.959369
swscape_native_pretrain_s4,4,88,recall,0.957015
swscape_native_pretrain_s4,4,89,recall,0.957231
swscape_native_pretrain_s4,4,90,recall,0.958072
swscape_native_pretrain_s4,4,91,recall,0.95795
swscape_native_pretrain_s4,4,92,recall,0.958553
swscape_native_pretrain_s4,4,93,recall,0.958712
swscape_native_pretrain_s4,4,94,recall,0.957892
swscape_native_pretrain_s4,4,95,recall,0.958109
swscape_native_pretrain_s4,4,96,recall,0.958575
swscape_native_pretrain_s4,4,97,recall,0.95782
swscape_native_pretrain_s4,4,98,recall,0.957627
swscape_native_pretrain_s4,4,99,recall,0.957752
swscape_native_pretrain_s4,4,100,recall,0.958001
swscape_native_pretrain_s4,4,1,bf_10cm,0.019594
swscape_native_pretrain_s4,4,2,bf_10cm,0.022877
swscape_native_pretrain_s4,4,3,bf_10cm,0.017825
swscape_native_pretrain_s4,4,4,bf_10cm,0.024796
swscape_native_pretrain_s4,4,5,bf_10cm,0.018515
swscape_native_pretrain_s4,4,6,bf_10cm,0.024793
swscape_native_pretrain_s4,4,7,bf_10cm,0.024032
swscape_native_pretrain_s4,4,8,bf_10cm,0.025085
swscape_native_pretrain_s4,4,9,bf_10cm,0.027256
swscape_native_pretrain_s4,4,10,bf_10cm,0.027409
swscape_native_pretrain_s4,4,11,bf_10cm,0.025259
swscape_native_pretrain_s4,4,12,bf_10cm,0.030422
swscape_native_pretrain_s4,4,13,bf_10cm,0.025958
swscape_native_pretrain_s4,4,14,bf_10cm,0.024939
swscape_native_pretrain_s4,4,15,bf_10cm,0.029267
swscape_native_pretrain_s4,4,16,bf_10cm,0.026718
swscape_native_pretrain_s4,4,17,bf_10cm,0.024732
swscape_native_pretrain_s4,4,18,bf_10cm,0.027083
swscape_native_pretrain_s4,4,19,bf_10cm,0.024928
swscape_native_pretrain_s4,4,20,bf_10cm,0.028562
swscape_native_pretrain_s4,4,21,bf_10cm,0.028595
swscape_native_pretrain_s4,4,22,bf_10cm,0.025316
swscape_native_pretrain_s4,4,23,bf_10cm,0.025871
swscape_native_pretrain_s4,4,24,bf_10cm,0.02466
swscape_native_pretrain_s4,4,25,bf_10cm,0.026686
swscape_native_pretrain_s4,4,26,bf_10cm,0.025994
swscape_native_pretrain_s4,4,27,bf_10cm,0.027731
swscape_native_pretrain_s4,4,28,bf_10cm,0.027599
swscape_native_pretrain_s4,4,29,bf_10cm,0.030063
swscape_native_pretrain_s4,4,30,bf_10cm,0.025821
swscape_native_pretrain_s4,4,31,bf_10cm,0.029804
swscape_native_pretrain_s4,4,32,bf_10cm,0.026013
swscape_native_pretrain_s4,4,33,bf_10cm,0.023779
swscape_native_pretrain_s4,4,34,bf_10cm,0.024994
swscape_native_pretrain_s4,4,35,bf_10cm,0.01909
swscape_native_pretrain_s4,4,36,bf_10cm,0.021653
swscape_native_pretrain_s4,4,37,bf_10cm,0.026136
swscape_native_pretrain_s4,4,38,bf_10cm,0.026885
swscape_native_pretrain_s4,4,39,bf_10cm,0.024241
swscape_native_pretrain_s4,4,40,bf_10cm,0.026745
swscape_native_pretrain_s4,4,41,bf_10cm,0.023533
swscape_native_pretrain_s4,4,42,bf_10cm,0.026863
swscape_native_pretrain_s4,4,43,bf_10cm,0.026039
swscape_native_pretrain_s4,4,44,bf_10cm,0.027393
swscape_native_pretrain_s4,4,45,bf_10cm,0.02559
swscape_native_pretrain_s4,4,46,bf_10cm,0.028
swscape_native_pretrain_s4,4,47,bf_10cm,0.026883
swscape_native_pretrain_s4,4,48,bf_10cm,0.025698
swscape_native_pretrain_s4,4,49,bf_10cm,0.026144
swscape_native_pretrain_s4,4,50,bf_10cm,0.027824
swscape_native_pretrain_s4,4,51,bf_10cm,0.027946
swscape_native_pretrain_s4,4,52,bf_10cm,0.027879
swscape_native_pretrain_s4,4,53,bf_10cm,0.027501
swscape_native_pretrain_s4,4,54,bf_10cm,0.027082
swscape_native_pretrain_s4,4,55,bf_10cm,0.028667
swscape_native_pretrain_s4,4,56,bf_10cm,0.027962
swscape_native_pretrain_s4,4,57,bf_10cm,0.027109
swscape_native_pretrain_s4,4,58,bf_10cm,0.028703
swscape_native_pretrain_s4,4,59,bf_10cm,0.026036
swscape_native_pretrain_s4,4,60,bf_10cm,0.025791
swscape_native_pretrain_s4,4,61,bf_10cm,0.025929
swscape_native_pretrain_s4,4,62,bf_10cm,0.027749
swscape_native_pretrain_s4,4,63,bf_10cm,0.026564
swscape_native_pretrain_s4,4,64,bf_10cm,0.027698
swscape_native_pretrain_s4,4,65,bf_10cm,0.026748
swscape_native_pretrain_s4,4,66,bf_10cm,0.027166
swscape_native_pretrain_s4,4,67,bf_10cm,0.026946
swscape_native_pretrain_s4,4,68,bf_10cm,0.026443
swscape_native_pretrain_s4,4,69,bf_10cm,0.027518
swscape_native_pretrain_s4,4,70,bf_10cm,0.027191
swscape_native_pretrain_s4,4,71,bf_10cm,0.027468
swscape_native_pretrain_s4,4,72,bf_10cm,0.02704
swscape_native_pretrain_s4,4,73,bf_10cm,0.026319
swscape_native_pretrain_s4,4,74,bf_10cm,0.028426
swscape_native_pretrain_s4,4,75,bf_10cm,0.026906
swscape_native_pretrain_s4,4,76,bf_10cm,0.02799
swscape_native_pretrain_s4,4,77,bf_10cm,0.026664
swscape_native_pretrain_s4,4,78,bf_10cm,0.026573
swscape_native_pretrain_s4,4,79,bf_10cm,0.027349
swscape_native_pretrain_s4,4,80,bf_10cm,0.027963
swscape_native_pretrain_s4,4,81,bf_10cm,0.027378
swscape_native_pretrain_s4,4,82,bf_10cm,0.027313
swscape_native_pretrain_s4,4,83,bf_10cm,0.027323
swscape_native_pretrain_s4,4,84,bf_10cm,0.027371
swscape_native_pretrain_s4,4,85,bf_10cm,0.026907
swscape_native_pretrain_s4,4,86,bf_10cm,0.027624
swscape_native_pretrain_s4,4,87,bf_10cm,0.027453
swscape_native_pretrain_s4,4,88,bf_10cm,0.027106
swscape_native_pretrain_s4,4,89,bf_10cm,0.027362
swscape_native_pretrain_s4,4,90,bf_10cm,0.026974
swscape_native_pretrain_s4,4,91,bf_10cm,0.027258
swscape_native_pretrain_s4,4,92,bf_10cm,0.027167
swscape_native_pretrain_s4,4,93,bf_10cm,0.027448
swscape_native_pretrain_s4,4,94,bf_10cm,0.02726
swscape_native_pretrain_s4,4,95,bf_10cm,0.027203
swscape_native_pretrain_s4,4,96,bf_10cm,0.027222
swscape_native_pretrain_s4,4,97,bf_10cm,0.027138
swscape_native_pretrain_s4,4,98,bf_10cm,0.027181
swscape_native_pretrain_s4,4,99,bf_10cm,0.027159
swscape_native_pretrain_s4,4,100,bf_10cm,0.027297
swscape_native_pretrain_s4,4,1,bf_20cm,0.061986
swscape_native_pretrain_s4,4,2,bf_20cm,0.069817
swscape_native_pretrain_s4,4,3,bf_20cm,0.057702
swscape_native_pretrain_s4,4,4,bf_20cm,0.07576
swscape_native_pretrain_s4,4,5,bf_20cm,0.057472
swscape_native_pretrain_s4,4,6,bf_20cm,0.07388
swscape_native_pretrain_s4,4,7,bf_20cm,0.071591
swscape_native_pretrain_s4,4,8,bf_20cm,0.074612
swscape_native_pretrain_s4,4,9,bf_20cm,0.080176
swscape_native_pretrain_s4,4,10,bf_20cm,0.079574
swscape_native_pretrain_s4,4,11,bf_20cm,0.074717
swscape_native_pretrain_s4,4,12,bf_20cm,0.087464
swscape_native_pretrain_s4,4,13,bf_20cm,0.075591
swscape_native_pretrain_s4,4,14,bf_20cm,0.072577
swscape_native_pretrain_s4,4,15,bf_20cm,0.083654
swscape_native_pretrain_s4,4,16,bf_20cm,0.07763
swscape_native_pretrain_s4,4,17,bf_20cm,0.072544
swscape_native_pretrain_s4,4,18,bf_20cm,0.078647
swscape_native_pretrain_s4,4,19,bf_20cm,0.072422
swscape_native_pretrain_s4,4,20,bf_20cm,0.081804
swscape_native_pretrain_s4,4,21,bf_20cm,0.081237
swscape_native_pretrain_s4,4,22,bf_20cm,0.074443
swscape_native_pretrain_s4,4,23,bf_20cm,0.073741
swscape_native_pretrain_s4,4,24,bf_20cm,0.072563
swscape_native_pretrain_s4,4,25,bf_20cm,0.076609
swscape_native_pretrain_s4,4,26,bf_20cm,0.074727
swscape_native_pretrain_s4,4,27,bf_20cm,0.07835
swscape_native_pretrain_s4,4,28,bf_20cm,0.078563
swscape_native_pretrain_s4,4,29,bf_20cm,0.085673
swscape_native_pretrain_s4,4,30,bf_20cm,0.074272
swscape_native_pretrain_s4,4,31,bf_20cm,0.084315
swscape_native_pretrain_s4,4,32,bf_20cm,0.074668
swscape_native_pretrain_s4,4,33,bf_20cm,0.068555
swscape_native_pretrain_s4,4,34,bf_20cm,0.072608
swscape_native_pretrain_s4,4,35,bf_20cm,0.058232
swscape_native_pretrain_s4,4,36,bf_20cm,0.065211
swscape_native_pretrain_s4,4,37,bf_20cm,0.074851
swscape_native_pretrain_s4,4,38,bf_20cm,0.076852
swscape_native_pretrain_s4,4,39,bf_20cm,0.069807
swscape_native_pretrain_s4,4,40,bf_20cm,0.076205
swscape_native_pretrain_s4,4,41,bf_20cm,0.069517
swscape_native_pretrain_s4,4,42,bf_20cm,0.07659
swscape_native_pretrain_s4,4,43,bf_20cm,0.07545
swscape_native_pretrain_s4,4,44,bf_20cm,0.078474
swscape_native_pretrain_s4,4,45,bf_20cm,0.072758
swscape_native_pretrain_s4,4,46,bf_20cm,0.079092
swscape_native_pretrain_s4,4,47,bf_20cm,0.076509
swscape_native_pretrain_s4,4,48,bf_20cm,0.073678
swscape_native_pretrain_s4,4,49,bf_20cm,0.074398
swscape_native_pretrain_s4,4,50,bf_20cm,0.079218
swscape_native_pretrain_s4,4,51,bf_20cm,0.079297
swscape_native_pretrain_s4,4,52,bf_20cm,0.079185
swscape_native_pretrain_s4,4,53,bf_20cm,0.078589
swscape_native_pretrain_s4,4,54,bf_20cm,0.076948
swscape_native_pretrain_s4,4,55,bf_20cm,0.080801
swscape_native_pretrain_s4,4,56,bf_20cm,0.079289
swscape_native_pretrain_s4,4,57,bf_20cm,0.076566
swscape_native_pretrain_s4,4,58,bf_20cm,0.081503
swscape_native_pretrain_s4,4,59,bf_20cm,0.073888
swscape_native_pretrain_s4,4,60,bf_20cm,0.07368
swscape_native_pretrain_s4,4,61,bf_20cm,0.073935
swscape_native_pretrain_s4,4,62,bf_20cm,0.078718
swscape_native_pretrain_s4,4,63,bf_20cm,0.075391
swscape_native_pretrain_s4,4,64,bf_20cm,0.078303
swscape_native_pretrain_s4,4,65,bf_20cm,0.075791
swscape_native_pretrain_s4,4,66,bf_20cm,0.07667
swscape_native_pretrain_s4,4,67,bf_20cm,0.076177
swscape_native_pretrain_s4,4,68,bf_20cm,0.074813
swscape_native_pretrain_s4,4,69,bf_20cm,0.07775
swscape_native_pretrain_s4,4,70,bf_20cm,0.076769
swscape_native_pretrain_s4,4,71,bf_20cm,0.077555
swscape_native_pretrain_s4,4,72,bf_20cm,0.076606
swscape_native_pretrain_s4,4,73,bf_20cm,0.074665
swscape_native_pretrain_s4,4,74,bf_20cm,0.080575
swscape_native_pretrain_s4,4,75,bf_20cm,0.076281
swscape_native_pretrain_s4,4,76,bf_20cm,0.078433
swscape_native_pretrain_s4,4,77,bf_20cm,0.075715
swscape_native_pretrain_s4,4,78,bf_20cm,0.075196
swscape_native_pretrain_s4,4,79,bf_20cm,0.077258
swscape_native_pretrain_s4,4,80,bf_20cm,0.078838
swscape_native_pretrain_s4,4,81,bf_20cm,0.077296
swscape_native_pretrain_s4,4,82,bf_20cm,0.076936
swscape_native_pretrain_s4,4,83,bf_20cm,0.077156
swscape_native_pretrain_s4,4,84,bf_20cm,0.07735
swscape_native_pretrain_s4,4,85,bf_20cm,0.07622
swscape_native_pretrain_s4,4,86,bf_20cm,0.077956
swscape_native_pretrain_s4,4,87,bf_20cm,0.077658
swscape_native_pretrain_s4,4,88,bf_20cm,0.076634
swscape_native_pretrain_s4,4,89,bf_20cm,0.077258
swscape_native_pretrain_s4,4,90,bf_20cm,0.076374
swscape_native_pretrain_s4,4,91,bf_20cm,0.077222
swscape_native_pretrain_s4,4,92,bf_20cm,0.076809
swscape_native_pretrain_s4,4,93,bf_20cm,0.077585
swscape_native_pretrain_s4,4,94,bf_20cm,0.077035
swscape_native_pretrain_s4,4,95,bf_20cm,0.076865
swscape_native_pretrain_s4,4,96,bf_20cm,0.076991
swscape_native_pretrain_s4,4,97,bf_20cm,0.076789
swscape_native_pretrain_s4,4,98,bf_20cm,0.076872
swscape_native_pretrain_s4,4,99,bf_20cm,0.076808
swscape_native_pretrain_s4,4,100,bf_20cm,0.077127
swscape_native_pretrain_s4,4,1,bf_30cm,0.106478
swscape_native_pretrain_s4,4,2,bf_30cm,0.116647
swscape_native_pretrain_s4,4,3,bf_30cm,0.10117
swscape_native_pretrain_s4,4,4,bf_30cm,0.126255
swscape_native_pretrain_s4,4,5,bf_30cm,0.097945
swscape_native_pretrain_s4,4,6,bf_30cm,0.122371
swscape_native_pretrain_s4,4,7,bf_30cm,0.118496
swscape_native_pretrain_s4,4,8,bf_30cm,0.123255
swscape_native_pretrain_s4,4,9,bf_30cm,0.13106
swscape_native_pretrain_s4,4,10,bf_30cm,0.128987
swscape_native_pretrain_s4,4,11,bf_30cm,0.123356
swscape_native_pretrain_s4,4,12,bf_30cm,0.139618
swscape_native_pretrain_s4,4,13,bf_30cm,0.123678
swscape_native_pretrain_s4,4,14,bf_30cm,0.118515
swscape_native_pretrain_s4,4,15,bf_30cm,0.13385
swscape_native_pretrain_s4,4,16,bf_30cm,0.126266
swscape_native_pretrain_s4,4,17,bf_30cm,0.119102
swscape_native_pretrain_s4,4,18,bf_30cm,0.127077
swscape_native_pretrain_s4,4,19,bf_30cm,0.11914
swscape_native_pretrain_s4,4,20,bf_30cm,0.131169
swscape_native_pretrain_s4,4,21,bf_30cm,0.130591
swscape_native_pretrain_s4,4,22,bf_30cm,0.122397
swscape_native_pretrain_s4,4,23,bf_30cm,0.119866
swscape_native_pretrain_s4,4,24,bf_30cm,0.119864
swscape_native_pretrain_s4,4,25,bf_30cm,0.124472
swscape_native_pretrain_s4,4,26,bf_30cm,0.121884
swscape_native_pretrain_s4,4,27,bf_30cm,0.126155
swscape_native_pretrain_s4,4,28,bf_30cm,0.126999
swscape_native_pretrain_s4,4,29,bf_30cm,0.13673
swscape_native_pretrain_s4,4,30,bf_30cm,0.121494
swscape_native_pretrain_s4,4,31,bf_30cm,0.134914
swscape_native_pretrain_s4,4,32,bf_30cm,0.121767
swscape_native_pretrain_s4,4,33,bf_30cm,0.113204
swscape_native_pretrain_s4,4,34,bf_30cm,0.119301
swscape_native_pretrain_s4,4,35,bf_30cm,0.099891
swscape_native_pretrain_s4,4,36,bf_30cm,0.11001
swscape_native_pretrain_s4,4,37,bf_30cm,0.121986
swscape_native_pretrain_s4,4,38,bf_30cm,0.125006
swscape_native_pretrain_s4,4,39,bf_30cm,0.115173
swscape_native_pretrain_s4,4,40,bf_30cm,0.123684
swscape_native_pretrain_s4,4,41,bf_30cm,0.115431
swscape_native_pretrain_s4,4,42,bf_30cm,0.124492
swscape_native_pretrain_s4,4,43,bf_30cm,0.123446
swscape_native_pretrain_s4,4,44,bf_30cm,0.127228
swscape_native_pretrain_s4,4,45,bf_30cm,0.118871
swscape_native_pretrain_s4,4,46,bf_30cm,0.127567
swscape_native_pretrain_s4,4,47,bf_30cm,0.124201
swscape_native_pretrain_s4,4,48,bf_30cm,0.120692
swscape_native_pretrain_s4,4,49,bf_30cm,0.121442
swscape_native_pretrain_s4,4,50,bf_30cm,0.128009
swscape_native_pretrain_s4,4,51,bf_30cm,0.127687
swscape_native_pretrain_s4,4,52,bf_30cm,0.128088
swscape_native_pretrain_s4,4,53,bf_30cm,0.127232
swscape_native_pretrain_s4,4,54,bf_30cm,0.124483
swscape_native_pretrain_s4,4,55,bf_30cm,0.129514
swscape_native_pretrain_s4,4,56,bf_30cm,0.127976
swscape_native_pretrain_s4,4,57,bf_30cm,0.123816
swscape_native_pretrain_s4,4,58,bf_30cm,0.130958
swscape_native_pretrain_s4,4,59,bf_30cm,0.120163
swscape_native_pretrain_s4,4,60,bf_30cm,0.120456
swscape_native_pretrain_s4,4,61,bf_30cm,0.120683
swscape_native_pretrain_s4,4,62,bf_30cm,0.126811
swscape_native_pretrain_s4,4,63,bf_30cm,0.122292
swscape_native_pretrain_s4,4,64,bf_30cm,0.12613
swscape_native_pretrain_s4,4,65,bf_30cm,0.122824
swscape_native_pretrain_s4,4,66,bf_30cm,0.123626
swscape_native_pretrain_s4,4,67,bf_30cm,0.123217
swscape_native_pretrain_s4,4,68,bf_30cm,0.121339
swscape_native_pretrain_s4,4,69,bf_30cm,0.125294
swscape_native_pretrain_s4,4,70,bf_30cm,0.124232
swscape_native_pretrain_s4,4,71,bf_30cm,0.125183
swscape_native_pretrain_s4,4,72,bf_30cm,0.124031
swscape_native_pretrain_s4,4,73,bf_30cm,0.121403
swscape_native_pretrain_s4,4,74,bf_30cm,0.129209
swscape_native_pretrain_s4,4,75,bf_30cm,0.123536
swscape_native_pretrain_s4,4,76,bf_30cm,0.12578
swscape_native_pretrain_s4,4,77,bf_30cm,0.122977
swscape_native_pretrain_s4,4,78,bf_30cm,0.121969
swscape_native_pretrain_s4,4,79,bf_30cm,0.124718
swscape_native_pretrain_s4,4,80,bf_30cm,0.126655
swscape_native_pretrain_s4,4,81,bf_30cm,0.124843
swscape_native_pretrain_s4,4,82,bf_30cm,0.124345
swscape_native_pretrain_s4,4,83,bf_30cm,0.124634
swscape_native_pretrain_s4,4,84,bf_30cm,0.124885
swscape_native_pretrain_s4,4,85,bf_30cm,0.123501
swscape_native_pretrain_s4,4,86,bf_30cm,0.125734
swscape_native_pretrain_s4,4,87,bf_30cm,0.12525
swscape_native_pretrain_s4,4,88,bf_30cm,0.123928
swscape_native_pretrain_s4,4,89,bf_30cm,0.124535
swscape_native_pretrain_s4,4,90,bf_30cm,0.123593
swscape_native_pretrain_s4,4,91,bf_30cm,0.124652
swscape_native_pretrain_s4,4,92,bf_30cm,0.124174
swscape_native_pretrain_s4,4,93,bf_30cm,0.125174
swscape_native_pretrain_s4,4,94,bf_30cm,0.124443
swscape_native_pretrain_s4,4,95,bf_30cm,0.124371
swscape_native_pretrain_s4,4,96,bf_30cm,0.124415
swscape_native_pretrain_s4,4,97,bf_30cm,0.124214
swscape_native_pretrain_s4,4,98,bf_30cm,0.124255
swscape_native_pretrain_s4,4,99,bf_30cm,0.12418
swscape_native_pretrain_s4,4,100,bf_30cm,0.124605
